-- phpMyAdmin SQL Dump
-- version 5.1.1
-- https://www.phpmyadmin.net/
--
-- Hôte : 127.0.0.1:3306
-- Généré le : mar. 11 oct. 2022 à 09:08
-- Version du serveur : 8.0.27
-- Version de PHP : 8.0.13

SET SQL_MODE = "NO_AUTO_VALUE_ON_ZERO";
START TRANSACTION;
SET time_zone = "+00:00";


/*!40101 SET @OLD_CHARACTER_SET_CLIENT=@@CHARACTER_SET_CLIENT */;
/*!40101 SET @OLD_CHARACTER_SET_RESULTS=@@CHARACTER_SET_RESULTS */;
/*!40101 SET @OLD_COLLATION_CONNECTION=@@COLLATION_CONNECTION */;
/*!40101 SET NAMES utf8mb4 */;

--
-- Base de données : `gsb_frais`
--

-- --------------------------------------------------------

--
-- Structure de la table `etat`
--

DROP TABLE IF EXISTS `etat`;
CREATE TABLE IF NOT EXISTS `etat` (
  `id` char(2) NOT NULL,
  `libelle` varchar(30) DEFAULT NULL,
  PRIMARY KEY (`id`)
) ENGINE=InnoDB DEFAULT CHARSET=utf8mb4 COLLATE=utf8mb4_0900_ai_ci;

--
-- Déchargement des données de la table `etat`
--

INSERT INTO `etat` (`id`, `libelle`) VALUES
('CL', 'Saisie clôturée'),
('CR', 'Fiche créée, saisie en cours'),
('RB', 'Remboursée'),
('VA', 'Validée et mise en paiement');

-- --------------------------------------------------------

--
-- Structure de la table `fichefrais`
--

DROP TABLE IF EXISTS `fichefrais`;
CREATE TABLE IF NOT EXISTS `fichefrais` (
  `idvisiteur` char(4) NOT NULL,
  `mois` char(6) NOT NULL,
  `nbjustificatifs` int DEFAULT NULL,
  `montantvalide` decimal(10,2) DEFAULT NULL,
  `datemodif` date DEFAULT NULL,
  `idetat` char(2) DEFAULT 'CR',
  PRIMARY KEY (`idvisiteur`,`mois`),
  KEY `idetat` (`idetat`)
) ENGINE=InnoDB DEFAULT CHARSET=utf8mb4 COLLATE=utf8mb4_0900_ai_ci;

--
-- Déchargement des données de la table `fichefrais`
--

INSERT INTO `fichefrais` (`idvisiteur`, `mois`, `nbjustificatifs`, `montantvalide`, `datemodif`, `idetat`) VALUES
('a131', '202009', 11, '3614.56', '2020-11-04', 'RB'),
('a131', '202010', 3, '4328.59', '2020-12-02', 'RB'),
('a131', '202011', 0, '3755.28', '2021-01-04', 'RB'),
('a131', '202012', 12, '3134.91', '2021-02-05', 'RB'),
('a131', '202101', 11, '3168.71', '2021-03-01', 'RB'),
('a131', '202102', 9, '3507.35', '2021-04-07', 'RB'),
('a131', '202103', 11, '3070.96', '2021-05-06', 'RB'),
('a131', '202104', 8, '2541.25', '2021-06-06', 'RB'),
('a131', '202105', 3, '3984.78', '2021-07-04', 'RB'),
('a131', '202106', 5, '3281.69', '2021-08-04', 'RB'),
('a131', '202107', 12, '2863.64', '2021-09-08', 'RB'),
('a131', '202108', 12, '2744.42', '2021-10-05', 'RB'),
('a131', '202109', 3, '4032.76', '2021-11-05', 'RB'),
('a131', '202110', 6, '3618.47', '2021-12-06', 'RB'),
('a131', '202111', 1, '4542.15', '2022-01-06', 'RB'),
('a131', '202112', 6, '4697.06', '2022-02-02', 'RB'),
('a131', '202201', 11, '3447.37', '2022-03-06', 'RB'),
('a131', '202202', 2, '2971.57', '2022-04-07', 'RB'),
('a131', '202203', 9, '5746.94', '2022-05-02', 'RB'),
('a131', '202204', 1, '4547.58', '2022-06-06', 'RB'),
('a131', '202205', 1, '2944.26', '2022-07-07', 'RB'),
('a131', '202206', 2, '3955.80', '2022-08-03', 'RB'),
('a131', '202207', 2, '3578.58', '2022-09-02', 'RB'),
('a131', '202208', 10, '3065.74', '2022-09-08', 'VA'),
('a131', '202209', 4, '0.00', '2022-09-02', 'CR'),
('a17', '202009', 10, '5343.97', '2020-11-07', 'RB'),
('a17', '202010', 5, '2581.74', '2020-12-01', 'RB'),
('a17', '202011', 11, '1910.55', '2021-01-05', 'RB'),
('a17', '202012', 2, '2887.03', '2021-02-04', 'RB'),
('a17', '202101', 7, '3663.71', '2021-03-06', 'RB'),
('a17', '202102', 2, '1901.01', '2021-04-08', 'RB'),
('a17', '202103', 7, '2799.55', '2021-05-08', 'RB'),
('a17', '202104', 7, '3710.58', '2021-06-01', 'RB'),
('a17', '202105', 9, '3649.55', '2021-07-02', 'RB'),
('a17', '202106', 6, '1745.64', '2021-08-05', 'RB'),
('a17', '202107', 9, '3386.84', '2021-09-07', 'RB'),
('a17', '202108', 8, '2158.39', '2021-10-04', 'RB'),
('a17', '202109', 4, '3419.24', '2021-11-02', 'RB'),
('a17', '202110', 1, '3091.12', '2021-12-05', 'RB'),
('a17', '202111', 9, '4226.68', '2022-01-05', 'RB'),
('a17', '202112', 5, '3145.36', '2022-02-03', 'RB'),
('a17', '202201', 11, '1494.90', '2022-03-08', 'RB'),
('a17', '202202', 8, '1209.15', '2022-04-04', 'RB'),
('a17', '202203', 1, '2675.36', '2022-05-06', 'RB'),
('a17', '202204', 2, '2796.00', '2022-06-05', 'RB'),
('a17', '202205', 0, '3479.48', '2022-07-07', 'RB'),
('a17', '202206', 1, '2442.77', '2022-08-05', 'RB'),
('a17', '202207', 1, '3957.01', '2022-09-08', 'RB'),
('a17', '202208', 7, '5304.61', '2022-09-06', 'VA'),
('a17', '202209', 9, '0.00', '2022-10-11', 'CL'),
('a17', '202210', 0, '0.00', '2022-10-11', 'CR'),
('a55', '202009', 8, '2488.48', '2020-11-08', 'RB'),
('a55', '202010', 11, '2620.34', '2020-12-08', 'RB'),
('a55', '202011', 11, '4137.41', '2021-01-04', 'RB'),
('a55', '202012', 1, '3383.92', '2021-02-06', 'RB'),
('a55', '202101', 4, '2422.96', '2021-03-07', 'RB'),
('a55', '202102', 7, '1828.22', '2021-04-01', 'RB'),
('a55', '202103', 3, '1292.45', '2021-05-05', 'RB'),
('a55', '202104', 10, '3045.68', '2021-06-01', 'RB'),
('a55', '202105', 2, '2685.28', '2021-07-02', 'RB'),
('a55', '202106', 3, '3039.78', '2021-08-08', 'RB'),
('a55', '202107', 1, '3459.54', '2021-09-04', 'RB'),
('a55', '202108', 12, '3612.95', '2021-10-04', 'RB'),
('a55', '202109', 8, '3471.72', '2021-11-01', 'RB'),
('a55', '202110', 2, '4214.70', '2021-12-08', 'RB'),
('a55', '202111', 0, '3007.03', '2022-01-02', 'RB'),
('a55', '202112', 8, '2282.32', '2022-02-07', 'RB'),
('a55', '202201', 0, '2116.97', '2022-03-06', 'RB'),
('a55', '202202', 3, '1883.74', '2022-04-06', 'RB'),
('a55', '202203', 3, '2881.46', '2022-05-06', 'RB'),
('a55', '202204', 10, '3401.02', '2022-06-07', 'RB'),
('a55', '202205', 6, '4607.52', '2022-07-06', 'RB'),
('a55', '202206', 0, '3065.89', '2022-08-08', 'RB'),
('a55', '202207', 3, '1589.47', '2022-09-06', 'RB'),
('a55', '202208', 5, '2472.46', '2022-09-01', 'VA'),
('a55', '202209', 3, '0.00', '2022-09-06', 'CR'),
('a93', '202009', 6, '5687.26', '2020-11-03', 'RB'),
('a93', '202010', 0, '2841.05', '2020-12-04', 'RB'),
('a93', '202011', 9, '3284.47', '2021-01-08', 'RB'),
('a93', '202012', 2, '4318.96', '2021-02-01', 'RB'),
('a93', '202101', 8, '2657.23', '2021-03-01', 'RB'),
('a93', '202102', 1, '4775.99', '2021-04-05', 'RB'),
('a93', '202103', 12, '4019.40', '2021-05-01', 'RB'),
('a93', '202104', 3, '2644.95', '2021-06-01', 'RB'),
('a93', '202105', 1, '2956.85', '2021-07-05', 'RB'),
('a93', '202106', 10, '3256.51', '2021-08-03', 'RB'),
('a93', '202107', 3, '4123.40', '2021-09-01', 'RB'),
('a93', '202108', 0, '2843.87', '2021-10-07', 'RB'),
('a93', '202109', 8, '3863.57', '2021-11-02', 'RB'),
('a93', '202110', 9, '2687.26', '2021-12-07', 'RB'),
('a93', '202111', 4, '3242.40', '2022-01-08', 'RB'),
('a93', '202112', 1, '3935.40', '2022-02-03', 'RB'),
('a93', '202201', 4, '3734.63', '2022-03-02', 'RB'),
('a93', '202202', 2, '2687.21', '2022-04-04', 'RB'),
('a93', '202203', 8, '2723.33', '2022-05-05', 'RB'),
('a93', '202204', 0, '1789.45', '2022-06-02', 'RB'),
('a93', '202205', 3, '5241.88', '2022-07-05', 'RB'),
('a93', '202206', 4, '3481.14', '2022-08-03', 'RB'),
('a93', '202207', 5, '3323.33', '2022-09-07', 'RB'),
('a93', '202208', 8, '2843.85', '2022-09-07', 'VA'),
('a93', '202209', 6, '0.00', '2022-09-06', 'CR'),
('b13', '202009', 10, '3357.50', '2020-11-02', 'RB'),
('b13', '202010', 6, '4134.88', '2020-12-05', 'RB'),
('b13', '202011', 1, '1971.56', '2021-01-06', 'RB'),
('b13', '202012', 5, '2975.37', '2021-02-05', 'RB'),
('b13', '202101', 9, '2418.98', '2021-03-02', 'RB'),
('b13', '202102', 5, '1977.25', '2021-04-05', 'RB'),
('b13', '202103', 8, '2960.37', '2021-05-05', 'RB'),
('b13', '202104', 1, '3789.23', '2021-06-01', 'RB'),
('b13', '202105', 4, '4359.14', '2021-07-05', 'RB'),
('b13', '202106', 7, '2053.96', '2021-08-02', 'RB'),
('b13', '202107', 0, '3744.41', '2021-09-01', 'RB'),
('b13', '202108', 6, '3771.22', '2021-10-08', 'RB'),
('b13', '202109', 9, '3515.43', '2021-11-03', 'RB'),
('b13', '202110', 8, '1792.73', '2021-12-06', 'RB'),
('b13', '202111', 12, '3653.78', '2022-01-04', 'RB'),
('b13', '202112', 3, '4279.95', '2022-02-08', 'RB'),
('b13', '202201', 3, '3918.62', '2022-03-04', 'RB'),
('b13', '202202', 7, '2290.43', '2022-04-06', 'RB'),
('b13', '202203', 10, '3559.23', '2022-05-07', 'RB'),
('b13', '202204', 4, '1456.39', '2022-06-04', 'RB'),
('b13', '202205', 3, '2247.49', '2022-07-03', 'RB'),
('b13', '202206', 4, '2666.67', '2022-08-02', 'RB'),
('b13', '202207', 3, '2247.61', '2022-09-03', 'RB'),
('b13', '202208', 2, '4618.67', '2022-09-06', 'VA'),
('b13', '202209', 3, '0.00', '2022-09-05', 'CR'),
('b16', '202009', 1, '4024.47', '2020-11-01', 'RB'),
('b16', '202010', 1, '2851.60', '2020-12-08', 'RB'),
('b16', '202011', 12, '2350.94', '2021-01-03', 'RB'),
('b16', '202012', 8, '2027.32', '2021-02-07', 'RB'),
('b16', '202101', 5, '2841.41', '2021-03-02', 'RB'),
('b16', '202102', 8, '2068.30', '2021-04-08', 'RB'),
('b16', '202103', 12, '3927.60', '2021-05-04', 'RB'),
('b16', '202104', 2, '1937.42', '2021-06-01', 'RB'),
('b16', '202105', 3, '3781.05', '2021-07-03', 'RB'),
('b16', '202106', 11, '2250.72', '2021-08-06', 'RB'),
('b16', '202107', 5, '4425.24', '2021-09-06', 'RB'),
('b16', '202108', 6, '1929.89', '2021-10-02', 'RB'),
('b16', '202109', 9, '3802.32', '2021-11-06', 'RB'),
('b16', '202110', 10, '4193.30', '2021-12-03', 'RB'),
('b16', '202111', 4, '2231.67', '2022-01-01', 'RB'),
('b16', '202112', 9, '1850.25', '2022-02-06', 'RB'),
('b16', '202201', 12, '3704.94', '2022-03-02', 'RB'),
('b16', '202202', 9, '3946.12', '2022-04-07', 'RB'),
('b16', '202203', 11, '2240.16', '2022-05-02', 'RB'),
('b16', '202204', 8, '4077.83', '2022-06-01', 'RB'),
('b16', '202205', 12, '3026.13', '2022-07-06', 'RB'),
('b16', '202206', 11, '2560.36', '2022-08-05', 'RB'),
('b16', '202207', 1, '1857.71', '2022-09-05', 'RB'),
('b16', '202208', 1, '3082.55', '2022-09-07', 'VA'),
('b16', '202209', 10, '0.00', '2022-09-05', 'CR'),
('b19', '202009', 2, '2618.34', '2020-11-01', 'RB'),
('b19', '202010', 8, '4684.70', '2020-12-02', 'RB'),
('b19', '202011', 10, '2799.53', '2021-01-01', 'RB'),
('b19', '202012', 8, '3867.97', '2021-02-01', 'RB'),
('b19', '202101', 0, '2873.14', '2021-03-07', 'RB'),
('b19', '202102', 4, '4488.68', '2021-04-07', 'RB'),
('b19', '202103', 11, '3536.50', '2021-05-03', 'RB'),
('b19', '202104', 7, '3197.93', '2021-06-04', 'RB'),
('b19', '202105', 12, '2671.36', '2021-07-05', 'RB'),
('b19', '202106', 12, '4469.25', '2021-08-06', 'RB'),
('b19', '202107', 5, '2879.74', '2021-09-01', 'RB'),
('b19', '202108', 8, '4069.17', '2021-10-07', 'RB'),
('b19', '202109', 6, '3154.63', '2021-11-08', 'RB'),
('b19', '202110', 11, '2416.03', '2021-12-04', 'RB'),
('b19', '202111', 7, '4196.62', '2022-01-06', 'RB'),
('b19', '202112', 8, '3350.00', '2022-02-04', 'RB'),
('b19', '202201', 10, '2399.09', '2022-03-02', 'RB'),
('b19', '202202', 12, '3094.09', '2022-04-02', 'RB'),
('b19', '202203', 11, '3120.93', '2022-05-01', 'RB'),
('b19', '202204', 6, '2450.16', '2022-06-05', 'RB'),
('b19', '202205', 0, '3558.24', '2022-07-02', 'RB'),
('b19', '202206', 4, '4029.68', '2022-08-05', 'RB'),
('b19', '202207', 0, '3141.01', '2022-09-03', 'RB'),
('b19', '202208', 5, '2345.33', '2022-09-04', 'VA'),
('b19', '202209', 6, '0.00', '2022-09-03', 'CR'),
('b25', '202009', 2, '3033.99', '2020-11-01', 'RB'),
('b25', '202010', 1, '3713.32', '2020-12-03', 'RB'),
('b25', '202011', 2, '2950.45', '2021-01-02', 'RB'),
('b25', '202012', 6, '4075.92', '2021-02-02', 'RB'),
('b25', '202101', 12, '3420.16', '2021-03-03', 'RB'),
('b25', '202102', 3, '4016.41', '2021-04-02', 'RB'),
('b25', '202103', 7, '4182.64', '2021-05-03', 'RB'),
('b25', '202104', 12, '2266.29', '2021-06-01', 'RB'),
('b25', '202105', 4, '3436.66', '2021-07-06', 'RB'),
('b25', '202106', 8, '3047.41', '2021-08-07', 'RB'),
('b25', '202107', 1, '2537.52', '2021-09-01', 'RB'),
('b25', '202108', 5, '4130.51', '2021-10-06', 'RB'),
('b25', '202109', 3, '4050.31', '2021-11-04', 'RB'),
('b25', '202110', 4, '3295.81', '2021-12-04', 'RB'),
('b25', '202111', 8, '4089.40', '2022-01-02', 'RB'),
('b25', '202112', 11, '4127.94', '2022-02-05', 'RB'),
('b25', '202201', 1, '3299.96', '2022-03-04', 'RB'),
('b25', '202202', 1, '3816.40', '2022-04-08', 'RB'),
('b25', '202203', 7, '4688.30', '2022-05-04', 'RB'),
('b25', '202204', 6, '3486.49', '2022-06-02', 'RB'),
('b25', '202205', 7, '2428.77', '2022-07-01', 'RB'),
('b25', '202206', 8, '2056.24', '2022-08-01', 'RB'),
('b25', '202207', 0, '4739.02', '2022-09-05', 'RB'),
('b25', '202208', 11, '2079.59', '2022-09-01', 'VA'),
('b25', '202209', 7, '0.00', '2022-09-06', 'CR'),
('b28', '202009', 2, '4151.33', '2020-11-04', 'RB'),
('b28', '202010', 2, '3514.78', '2020-12-03', 'RB'),
('b28', '202011', 0, '3824.17', '2021-01-06', 'RB'),
('b28', '202012', 5, '3993.86', '2021-02-08', 'RB'),
('b28', '202101', 2, '2328.34', '2021-03-08', 'RB'),
('b28', '202102', 5, '4224.95', '2021-04-04', 'RB'),
('b28', '202103', 4, '3373.79', '2021-05-01', 'RB'),
('b28', '202104', 3, '2462.79', '2021-06-03', 'RB'),
('b28', '202105', 8, '4609.11', '2021-07-04', 'RB'),
('b28', '202106', 3, '2949.41', '2021-08-03', 'RB'),
('b28', '202107', 9, '3247.69', '2021-09-08', 'RB'),
('b28', '202108', 9, '2191.61', '2021-10-04', 'RB'),
('b28', '202109', 12, '1846.89', '2021-11-02', 'RB'),
('b28', '202110', 7, '3636.23', '2021-12-07', 'RB'),
('b28', '202111', 0, '1765.58', '2022-01-06', 'RB'),
('b28', '202112', 11, '3847.80', '2022-02-06', 'RB'),
('b28', '202201', 4, '3140.93', '2022-03-07', 'RB'),
('b28', '202202', 1, '1497.52', '2022-04-05', 'RB'),
('b28', '202203', 8, '3466.40', '2022-05-08', 'RB'),
('b28', '202204', 5, '3794.54', '2022-06-06', 'RB'),
('b28', '202205', 2, '2186.70', '2022-07-01', 'RB'),
('b28', '202206', 0, '2803.55', '2022-08-05', 'RB'),
('b28', '202207', 12, '1907.39', '2022-09-08', 'RB'),
('b28', '202208', 6, '4251.90', '2022-09-07', 'VA'),
('b28', '202209', 3, '0.00', '2022-09-07', 'CR'),
('b34', '202009', 6, '2168.32', '2020-11-08', 'RB'),
('b34', '202010', 4, '3510.68', '2020-12-02', 'RB'),
('b34', '202011', 7, '2009.89', '2021-01-01', 'RB'),
('b34', '202012', 8, '1443.91', '2021-02-04', 'RB'),
('b34', '202101', 1, '3073.81', '2021-03-06', 'RB'),
('b34', '202102', 3, '2018.00', '2021-04-08', 'RB'),
('b34', '202103', 12, '1815.34', '2021-05-04', 'RB'),
('b34', '202104', 4, '2056.30', '2021-06-03', 'RB'),
('b34', '202105', 4, '2516.71', '2021-07-08', 'RB'),
('b34', '202106', 7, '3164.40', '2021-08-05', 'RB'),
('b34', '202107', 0, '4637.21', '2021-09-02', 'RB'),
('b34', '202108', 9, '1691.82', '2021-10-08', 'RB'),
('b34', '202109', 5, '2904.38', '2021-11-02', 'RB'),
('b34', '202110', 1, '2771.31', '2021-12-04', 'RB'),
('b34', '202111', 6, '2679.15', '2022-01-04', 'RB'),
('b34', '202112', 8, '4863.56', '2022-02-06', 'RB'),
('b34', '202201', 2, '2631.16', '2022-03-08', 'RB'),
('b34', '202202', 10, '2334.33', '2022-04-01', 'RB'),
('b34', '202203', 9, '3984.23', '2022-05-01', 'RB'),
('b34', '202204', 6, '2301.92', '2022-06-01', 'RB'),
('b34', '202205', 11, '3870.76', '2022-07-02', 'RB'),
('b34', '202206', 0, '3818.54', '2022-08-04', 'RB'),
('b34', '202207', 2, '2367.80', '2022-09-08', 'RB'),
('b34', '202208', 11, '2865.41', '2022-09-01', 'VA'),
('b34', '202209', 10, '0.00', '2022-09-06', 'CR'),
('b4', '202009', 5, '4260.84', '2020-11-05', 'RB'),
('b4', '202010', 9, '3297.67', '2020-12-08', 'RB'),
('b4', '202011', 11, '2766.99', '2021-01-05', 'RB'),
('b4', '202012', 3, '2836.18', '2021-02-04', 'RB'),
('b4', '202101', 2, '3708.73', '2021-03-02', 'RB'),
('b4', '202102', 2, '4018.08', '2021-04-04', 'RB'),
('b4', '202103', 10, '4037.15', '2021-05-02', 'RB'),
('b4', '202104', 9, '2833.42', '2021-06-01', 'RB'),
('b4', '202105', 4, '2944.91', '2021-07-07', 'RB'),
('b4', '202106', 5, '2683.76', '2021-08-03', 'RB'),
('b4', '202107', 11, '1875.94', '2021-09-04', 'RB'),
('b4', '202108', 12, '3028.44', '2021-10-04', 'RB'),
('b4', '202109', 9, '3920.39', '2021-11-03', 'RB'),
('b4', '202110', 9, '1788.78', '2021-12-01', 'RB'),
('b4', '202111', 5, '4368.74', '2022-01-03', 'RB'),
('b4', '202112', 3, '2000.06', '2022-02-08', 'RB'),
('b4', '202201', 11, '3074.20', '2022-03-05', 'RB'),
('b4', '202202', 6, '3736.30', '2022-04-03', 'RB'),
('b4', '202203', 1, '3750.56', '2022-05-04', 'RB'),
('b4', '202204', 3, '1553.36', '2022-06-03', 'RB'),
('b4', '202205', 10, '2337.56', '2022-07-02', 'RB'),
('b4', '202206', 1, '3259.34', '2022-08-03', 'RB'),
('b4', '202207', 5, '4237.09', '2022-09-08', 'RB'),
('b4', '202208', 3, '3622.70', '2022-09-04', 'VA'),
('b4', '202209', 3, '0.00', '2022-09-04', 'CR'),
('b50', '202009', 0, '3166.49', '2020-11-05', 'RB'),
('b50', '202010', 9, '4400.94', '2020-12-06', 'RB'),
('b50', '202011', 0, '3643.26', '2021-01-06', 'RB'),
('b50', '202012', 2, '2414.21', '2021-02-07', 'RB'),
('b50', '202101', 3, '4749.84', '2021-03-04', 'RB'),
('b50', '202102', 1, '3359.91', '2021-04-02', 'RB'),
('b50', '202103', 12, '4088.39', '2021-05-04', 'RB'),
('b50', '202104', 2, '4703.00', '2021-06-08', 'RB'),
('b50', '202105', 12, '2043.01', '2021-07-07', 'RB'),
('b50', '202106', 3, '2123.64', '2021-08-02', 'RB'),
('b50', '202107', 8, '2352.31', '2021-09-07', 'RB'),
('b50', '202108', 7, '2917.39', '2021-10-01', 'RB'),
('b50', '202109', 4, '3620.43', '2021-11-07', 'RB'),
('b50', '202110', 6, '3048.24', '2021-12-06', 'RB'),
('b50', '202111', 3, '2966.54', '2022-01-01', 'RB'),
('b50', '202112', 10, '1880.66', '2022-02-01', 'RB'),
('b50', '202201', 4, '2755.37', '2022-03-05', 'RB'),
('b50', '202202', 3, '3381.71', '2022-04-02', 'RB'),
('b50', '202203', 10, '2926.46', '2022-05-04', 'RB'),
('b50', '202204', 5, '3231.40', '2022-06-03', 'RB'),
('b50', '202205', 2, '2452.05', '2022-07-01', 'RB'),
('b50', '202206', 3, '3753.09', '2022-08-08', 'RB'),
('b50', '202207', 4, '3865.22', '2022-09-06', 'RB'),
('b50', '202208', 10, '3008.60', '2022-09-03', 'VA'),
('b50', '202209', 8, '0.00', '2022-09-07', 'CR'),
('b59', '202009', 6, '4340.14', '2020-11-06', 'RB'),
('b59', '202010', 1, '2136.77', '2020-12-07', 'RB'),
('b59', '202011', 4, '3494.00', '2021-01-05', 'RB'),
('b59', '202012', 3, '3398.25', '2021-02-02', 'RB'),
('b59', '202101', 3, '3352.80', '2021-03-08', 'RB'),
('b59', '202102', 6, '3727.83', '2021-04-05', 'RB'),
('b59', '202103', 1, '2709.42', '2021-05-08', 'RB'),
('b59', '202104', 9, '2118.81', '2021-06-08', 'RB'),
('b59', '202105', 8, '3873.52', '2021-07-07', 'RB'),
('b59', '202106', 11, '3423.87', '2021-08-02', 'RB'),
('b59', '202107', 11, '3647.14', '2021-09-02', 'RB'),
('b59', '202108', 3, '2333.56', '2021-10-06', 'RB'),
('b59', '202109', 0, '3590.65', '2021-11-01', 'RB'),
('b59', '202110', 5, '2868.34', '2021-12-02', 'RB'),
('b59', '202111', 6, '3397.37', '2022-01-06', 'RB'),
('b59', '202112', 1, '2830.83', '2022-02-07', 'RB'),
('b59', '202201', 0, '2922.62', '2022-03-07', 'RB'),
('b59', '202202', 0, '3457.65', '2022-04-05', 'RB'),
('b59', '202203', 11, '3756.72', '2022-05-06', 'RB'),
('b59', '202204', 8, '3089.07', '2022-06-03', 'RB'),
('b59', '202205', 4, '2724.53', '2022-07-05', 'RB'),
('b59', '202206', 2, '3072.48', '2022-08-04', 'RB'),
('b59', '202207', 10, '3300.15', '2022-09-07', 'RB'),
('b59', '202208', 12, '2590.56', '2022-09-07', 'VA'),
('b59', '202209', 1, '0.00', '2022-09-04', 'CR'),
('c14', '202009', 5, '2868.50', '2020-11-04', 'RB'),
('c14', '202010', 9, '2220.45', '2020-12-04', 'RB'),
('c14', '202011', 4, '5406.75', '2021-01-06', 'RB'),
('c14', '202012', 12, '2390.68', '2021-02-07', 'RB'),
('c14', '202101', 1, '2154.61', '2021-03-07', 'RB'),
('c14', '202102', 1, '3311.34', '2021-04-03', 'RB'),
('c14', '202103', 1, '3028.57', '2021-05-07', 'RB'),
('c14', '202104', 6, '3974.66', '2021-06-03', 'RB'),
('c14', '202105', 10, '1446.11', '2021-07-05', 'RB'),
('c14', '202106', 4, '2685.85', '2021-08-02', 'RB'),
('c14', '202107', 2, '4074.94', '2021-09-03', 'RB'),
('c14', '202108', 5, '3646.13', '2021-10-04', 'RB'),
('c14', '202109', 12, '4276.11', '2021-11-06', 'RB'),
('c14', '202110', 3, '2820.94', '2021-12-03', 'RB'),
('c14', '202111', 4, '1815.43', '2022-01-08', 'RB'),
('c14', '202112', 5, '2518.68', '2022-02-07', 'RB'),
('c14', '202201', 7, '2698.82', '2022-03-04', 'RB'),
('c14', '202202', 2, '3300.53', '2022-04-05', 'RB'),
('c14', '202203', 5, '1331.95', '2022-05-04', 'RB'),
('c14', '202204', 6, '4695.91', '2022-06-03', 'RB'),
('c14', '202205', 9, '3280.79', '2022-07-02', 'RB'),
('c14', '202206', 3, '3388.01', '2022-08-05', 'RB'),
('c14', '202207', 3, '3204.89', '2022-09-02', 'RB'),
('c14', '202208', 1, '2846.80', '2022-09-08', 'VA'),
('c14', '202209', 6, '0.00', '2022-09-02', 'CR'),
('c3', '202009', 0, '2744.36', '2020-11-07', 'RB'),
('c3', '202010', 9, '3059.83', '2020-12-07', 'RB'),
('c3', '202011', 2, '3776.90', '2021-01-06', 'RB'),
('c3', '202012', 12, '4552.45', '2021-02-04', 'RB'),
('c3', '202101', 12, '3207.20', '2021-03-06', 'RB'),
('c3', '202102', 4, '2805.46', '2021-04-07', 'RB'),
('c3', '202103', 2, '3526.21', '2021-05-01', 'RB'),
('c3', '202104', 3, '3463.99', '2021-06-01', 'RB'),
('c3', '202105', 7, '3144.47', '2021-07-08', 'RB'),
('c3', '202106', 7, '3747.95', '2021-08-02', 'RB'),
('c3', '202107', 3, '2778.45', '2021-09-08', 'RB'),
('c3', '202108', 12, '3193.47', '2021-10-08', 'RB'),
('c3', '202109', 10, '4812.57', '2021-11-07', 'RB'),
('c3', '202110', 10, '1927.24', '2021-12-06', 'RB'),
('c3', '202111', 8, '3895.47', '2022-01-03', 'RB'),
('c3', '202112', 5, '2743.76', '2022-02-07', 'RB'),
('c3', '202201', 0, '3259.26', '2022-03-06', 'RB'),
('c3', '202202', 0, '2305.97', '2022-04-03', 'RB'),
('c3', '202203', 4, '2905.79', '2022-05-04', 'RB'),
('c3', '202204', 4, '2760.69', '2022-06-05', 'RB'),
('c3', '202205', 4, '4893.19', '2022-07-07', 'RB'),
('c3', '202206', 1, '1324.57', '2022-08-06', 'RB'),
('c3', '202207', 7, '1150.90', '2022-09-03', 'RB'),
('c3', '202208', 12, '4755.72', '2022-09-05', 'VA'),
('c3', '202209', 10, '0.00', '2022-09-02', 'CR'),
('c54', '202009', 4, '2559.60', '2020-11-07', 'RB'),
('c54', '202010', 4, '2882.26', '2020-12-03', 'RB'),
('c54', '202011', 11, '4450.23', '2021-01-02', 'RB'),
('c54', '202012', 8, '2279.50', '2021-02-03', 'RB'),
('c54', '202101', 6, '4632.28', '2021-03-01', 'RB'),
('c54', '202102', 0, '4118.32', '2021-04-01', 'RB'),
('c54', '202103', 6, '3617.63', '2021-05-06', 'RB'),
('c54', '202104', 5, '3642.11', '2021-06-02', 'RB'),
('c54', '202105', 6, '4055.21', '2021-07-05', 'RB'),
('c54', '202106', 2, '2958.85', '2021-08-05', 'RB'),
('c54', '202107', 11, '4527.32', '2021-09-03', 'RB'),
('c54', '202108', 7, '2492.34', '2021-10-02', 'RB'),
('c54', '202109', 9, '3221.91', '2021-11-04', 'RB'),
('c54', '202110', 11, '3840.71', '2021-12-06', 'RB'),
('c54', '202111', 11, '3496.10', '2022-01-02', 'RB'),
('c54', '202112', 11, '3401.50', '2022-02-05', 'RB'),
('c54', '202201', 6, '3481.12', '2022-03-02', 'RB'),
('c54', '202202', 3, '4010.08', '2022-04-03', 'RB'),
('c54', '202203', 11, '2369.46', '2022-05-04', 'RB'),
('c54', '202204', 0, '2107.26', '2022-06-08', 'RB'),
('c54', '202205', 1, '4164.06', '2022-07-08', 'RB'),
('c54', '202206', 7, '5321.35', '2022-08-01', 'RB'),
('c54', '202207', 1, '2889.02', '2022-09-06', 'RB'),
('c54', '202208', 4, '1846.50', '2022-09-04', 'VA'),
('c54', '202209', 3, '0.00', '2022-09-01', 'CR'),
('d13', '202009', 7, '4435.72', '2020-11-08', 'RB'),
('d13', '202010', 8, '3912.15', '2020-12-07', 'RB'),
('d13', '202011', 5, '2953.09', '2021-01-01', 'RB'),
('d13', '202012', 9, '1728.82', '2021-02-05', 'RB'),
('d13', '202101', 8, '3959.12', '2021-03-08', 'RB'),
('d13', '202102', 4, '1884.47', '2021-04-08', 'RB'),
('d13', '202103', 0, '2406.89', '2021-05-05', 'RB'),
('d13', '202104', 12, '2092.14', '2021-06-05', 'RB'),
('d13', '202105', 3, '2755.29', '2021-07-03', 'RB'),
('d13', '202106', 4, '3623.60', '2021-08-01', 'RB'),
('d13', '202107', 12, '3684.78', '2021-09-04', 'RB'),
('d13', '202108', 9, '2300.74', '2021-10-01', 'RB'),
('d13', '202109', 11, '2075.96', '2021-11-06', 'RB'),
('d13', '202110', 11, '5325.89', '2021-12-05', 'RB'),
('d13', '202111', 12, '3429.56', '2022-01-02', 'RB'),
('d13', '202112', 0, '3217.37', '2022-02-02', 'RB'),
('d13', '202201', 9, '2883.20', '2022-03-04', 'RB'),
('d13', '202202', 3, '5131.35', '2022-04-08', 'RB'),
('d13', '202203', 4, '2975.93', '2022-05-07', 'RB'),
('d13', '202204', 6, '3267.90', '2022-06-02', 'RB'),
('d13', '202205', 2, '3561.97', '2022-07-07', 'RB'),
('d13', '202206', 8, '4392.60', '2022-08-05', 'RB'),
('d13', '202207', 3, '2537.29', '2022-09-07', 'RB'),
('d13', '202208', 5, '3802.22', '2022-09-05', 'VA'),
('d13', '202209', 12, '0.00', '2022-09-06', 'CR'),
('d51', '202009', 12, '2234.00', '2020-11-05', 'RB'),
('d51', '202010', 10, '5410.56', '2020-12-04', 'RB'),
('d51', '202011', 2, '2081.54', '2021-01-06', 'RB'),
('d51', '202012', 7, '2589.32', '2021-02-04', 'RB'),
('d51', '202101', 8, '2341.91', '2021-03-01', 'RB'),
('d51', '202102', 4, '1880.53', '2021-04-08', 'RB'),
('d51', '202103', 2, '4494.56', '2021-05-02', 'RB'),
('d51', '202104', 9, '3576.81', '2021-06-01', 'RB'),
('d51', '202105', 3, '3104.50', '2021-07-01', 'RB'),
('d51', '202106', 1, '3756.75', '2021-08-05', 'RB'),
('d51', '202107', 6, '4494.60', '2021-09-08', 'RB'),
('d51', '202108', 4, '4470.60', '2021-10-06', 'RB'),
('d51', '202109', 7, '2350.05', '2021-11-06', 'RB'),
('d51', '202110', 4, '2820.66', '2021-12-03', 'RB'),
('d51', '202111', 0, '3820.66', '2022-01-03', 'RB'),
('d51', '202112', 8, '3596.53', '2022-02-02', 'RB'),
('d51', '202201', 6, '2490.19', '2022-03-05', 'RB'),
('d51', '202202', 1, '3209.24', '2022-04-04', 'RB'),
('d51', '202203', 0, '2876.48', '2022-05-02', 'RB'),
('d51', '202204', 1, '2640.09', '2022-06-03', 'RB'),
('d51', '202205', 5, '4742.11', '2022-07-08', 'RB'),
('d51', '202206', 11, '3073.95', '2022-08-08', 'RB'),
('d51', '202207', 8, '4057.78', '2022-09-07', 'RB'),
('d51', '202208', 1, '3403.89', '2022-09-04', 'VA'),
('d51', '202209', 11, '0.00', '2022-09-04', 'CR'),
('e22', '202009', 0, '2678.69', '2020-11-08', 'RB'),
('e22', '202010', 11, '3848.07', '2020-12-05', 'RB'),
('e22', '202011', 8, '3873.68', '2021-01-03', 'RB'),
('e22', '202012', 0, '4081.23', '2021-02-07', 'RB'),
('e22', '202101', 3, '2599.20', '2021-03-02', 'RB'),
('e22', '202102', 10, '4165.08', '2021-04-02', 'RB'),
('e22', '202103', 0, '2334.15', '2021-05-06', 'RB'),
('e22', '202104', 10, '3633.10', '2021-06-04', 'RB'),
('e22', '202105', 6, '1525.29', '2021-07-06', 'RB'),
('e22', '202106', 9, '4846.89', '2021-08-04', 'RB'),
('e22', '202107', 7, '5240.93', '2021-09-04', 'RB'),
('e22', '202108', 3, '1956.17', '2021-10-08', 'RB'),
('e22', '202109', 7, '2651.43', '2021-11-03', 'RB'),
('e22', '202110', 10, '3498.20', '2021-12-07', 'RB'),
('e22', '202111', 11, '4479.59', '2022-01-05', 'RB'),
('e22', '202112', 10, '3425.79', '2022-02-04', 'RB'),
('e22', '202201', 1, '2791.36', '2022-03-02', 'RB'),
('e22', '202202', 7, '2382.39', '2022-04-06', 'RB'),
('e22', '202203', 4, '3366.67', '2022-05-06', 'RB'),
('e22', '202204', 9, '2405.88', '2022-06-08', 'RB'),
('e22', '202205', 7, '4835.52', '2022-07-03', 'RB'),
('e22', '202206', 6, '3215.48', '2022-08-05', 'RB'),
('e22', '202207', 4, '1471.58', '2022-09-07', 'RB'),
('e22', '202208', 11, '3733.53', '2022-09-01', 'VA'),
('e22', '202209', 12, '0.00', '2022-09-06', 'CR'),
('e24', '202009', 6, '4327.36', '2020-11-02', 'RB'),
('e24', '202010', 9, '4426.52', '2020-12-06', 'RB'),
('e24', '202011', 9, '2589.95', '2021-01-01', 'RB'),
('e24', '202012', 5, '4100.33', '2021-02-04', 'RB'),
('e24', '202101', 5, '3283.67', '2021-03-04', 'RB'),
('e24', '202102', 8, '3470.87', '2021-04-04', 'RB'),
('e24', '202103', 0, '3437.73', '2021-05-03', 'RB'),
('e24', '202104', 6, '2865.46', '2021-06-06', 'RB'),
('e24', '202105', 6, '2628.79', '2021-07-02', 'RB'),
('e24', '202106', 6, '2443.51', '2021-08-04', 'RB'),
('e24', '202107', 9, '2665.52', '2021-09-03', 'RB'),
('e24', '202108', 9, '2314.01', '2021-10-01', 'RB'),
('e24', '202109', 3, '3325.95', '2021-11-02', 'RB'),
('e24', '202110', 4, '4159.16', '2021-12-03', 'RB'),
('e24', '202111', 6, '2902.93', '2022-01-01', 'RB'),
('e24', '202112', 6, '2555.87', '2022-02-01', 'RB'),
('e24', '202201', 9, '4218.68', '2022-03-07', 'RB'),
('e24', '202202', 8, '2119.15', '2022-04-02', 'RB'),
('e24', '202203', 3, '3583.90', '2022-05-03', 'RB'),
('e24', '202204', 5, '2753.92', '2022-06-08', 'RB'),
('e24', '202205', 5, '3134.20', '2022-07-02', 'RB'),
('e24', '202206', 12, '2870.77', '2022-08-03', 'RB'),
('e24', '202207', 0, '5032.09', '2022-09-06', 'RB'),
('e24', '202208', 7, '2658.45', '2022-09-05', 'VA'),
('e24', '202209', 2, '0.00', '2022-09-07', 'CR'),
('e39', '202009', 0, '3698.98', '2020-11-08', 'RB'),
('e39', '202010', 7, '4424.62', '2020-12-01', 'RB'),
('e39', '202011', 11, '5843.70', '2021-01-05', 'RB'),
('e39', '202012', 8, '2598.89', '2021-02-01', 'RB'),
('e39', '202101', 5, '3385.99', '2021-03-04', 'RB'),
('e39', '202102', 3, '3495.85', '2021-04-07', 'RB'),
('e39', '202103', 6, '3005.31', '2021-05-03', 'RB'),
('e39', '202104', 12, '2815.23', '2021-06-02', 'RB'),
('e39', '202105', 5, '1253.55', '2021-07-03', 'RB'),
('e39', '202106', 2, '3853.83', '2021-08-01', 'RB'),
('e39', '202107', 7, '3703.72', '2021-09-03', 'RB'),
('e39', '202108', 5, '3304.99', '2021-10-03', 'RB'),
('e39', '202109', 7, '2635.07', '2021-11-05', 'RB'),
('e39', '202110', 3, '3260.33', '2021-12-03', 'RB'),
('e39', '202111', 5, '3306.94', '2022-01-01', 'RB'),
('e39', '202112', 9, '3949.39', '2022-02-08', 'RB'),
('e39', '202201', 7, '4121.60', '2022-03-03', 'RB'),
('e39', '202202', 11, '3309.50', '2022-04-03', 'RB'),
('e39', '202203', 10, '3671.47', '2022-05-02', 'RB'),
('e39', '202204', 2, '2242.04', '2022-06-08', 'RB'),
('e39', '202205', 5, '3048.09', '2022-07-02', 'RB'),
('e39', '202206', 9, '2890.50', '2022-08-04', 'RB'),
('e39', '202207', 12, '3198.58', '2022-09-02', 'RB'),
('e39', '202208', 4, '4375.94', '2022-09-05', 'VA'),
('e39', '202209', 4, '0.00', '2022-09-08', 'CR'),
('e49', '202009', 4, '2780.93', '2020-11-06', 'RB'),
('e49', '202010', 10, '2793.48', '2020-12-03', 'RB'),
('e49', '202011', 5, '3939.39', '2021-01-05', 'RB'),
('e49', '202012', 0, '4720.48', '2021-02-01', 'RB'),
('e49', '202101', 8, '2849.97', '2021-03-07', 'RB'),
('e49', '202102', 8, '3756.57', '2021-04-08', 'RB'),
('e49', '202103', 2, '2866.50', '2021-05-08', 'RB'),
('e49', '202104', 6, '4549.32', '2021-06-01', 'RB'),
('e49', '202105', 12, '3263.33', '2021-07-01', 'RB'),
('e49', '202106', 8, '4093.31', '2021-08-05', 'RB'),
('e49', '202107', 9, '3640.11', '2021-09-04', 'RB'),
('e49', '202108', 0, '4394.46', '2021-10-05', 'RB'),
('e49', '202109', 7, '3964.54', '2021-11-04', 'RB'),
('e49', '202110', 3, '3192.51', '2021-12-06', 'RB'),
('e49', '202111', 12, '1839.41', '2022-01-08', 'RB'),
('e49', '202112', 4, '3936.09', '2022-02-04', 'RB'),
('e49', '202201', 4, '3460.92', '2022-03-04', 'RB'),
('e49', '202202', 12, '2236.60', '2022-04-01', 'RB'),
('e49', '202203', 9, '3707.87', '2022-05-01', 'RB'),
('e49', '202204', 1, '4080.38', '2022-06-06', 'RB'),
('e49', '202205', 2, '4227.74', '2022-07-08', 'RB'),
('e49', '202206', 12, '3944.26', '2022-08-03', 'RB'),
('e49', '202207', 11, '4995.67', '2022-09-07', 'RB'),
('e49', '202208', 12, '4855.96', '2022-09-08', 'VA'),
('e49', '202209', 10, '0.00', '2022-09-08', 'CR'),
('e5', '202009', 8, '3839.25', '2020-11-01', 'RB'),
('e5', '202010', 1, '3501.69', '2020-12-03', 'RB'),
('e5', '202011', 11, '2727.84', '2021-01-07', 'RB'),
('e5', '202012', 7, '3958.40', '2021-02-03', 'RB'),
('e5', '202101', 1, '4562.57', '2021-03-08', 'RB'),
('e5', '202102', 5, '1794.34', '2021-04-03', 'RB'),
('e5', '202103', 3, '2831.34', '2021-05-08', 'RB'),
('e5', '202104', 4, '3637.21', '2021-06-04', 'RB'),
('e5', '202105', 11, '4854.52', '2021-07-03', 'RB'),
('e5', '202106', 5, '2470.42', '2021-08-04', 'RB'),
('e5', '202107', 7, '3199.12', '2021-09-05', 'RB'),
('e5', '202108', 9, '5742.42', '2021-10-03', 'RB'),
('e5', '202109', 6, '2119.11', '2021-11-05', 'RB'),
('e5', '202110', 3, '4994.33', '2021-12-08', 'RB'),
('e5', '202111', 4, '3642.81', '2022-01-06', 'RB'),
('e5', '202112', 8, '3264.08', '2022-02-02', 'RB'),
('e5', '202201', 3, '4412.49', '2022-03-03', 'RB'),
('e5', '202202', 0, '4855.51', '2022-04-02', 'RB'),
('e5', '202203', 4, '3139.13', '2022-05-03', 'RB'),
('e5', '202204', 7, '4950.85', '2022-06-07', 'RB'),
('e5', '202205', 5, '3796.94', '2022-07-01', 'RB'),
('e5', '202206', 12, '3237.49', '2022-08-08', 'RB'),
('e5', '202207', 11, '2855.92', '2022-09-03', 'RB'),
('e5', '202208', 6, '4427.67', '2022-09-06', 'VA'),
('e5', '202209', 5, '0.00', '2022-09-03', 'CR'),
('e52', '202009', 2, '4456.78', '2020-11-02', 'RB'),
('e52', '202010', 0, '3533.62', '2020-12-06', 'RB'),
('e52', '202011', 0, '3696.32', '2021-01-03', 'RB'),
('e52', '202012', 6, '2906.05', '2021-02-06', 'RB'),
('e52', '202101', 12, '3094.37', '2021-03-03', 'RB'),
('e52', '202102', 6, '3865.02', '2021-04-07', 'RB'),
('e52', '202103', 11, '4718.27', '2021-05-07', 'RB'),
('e52', '202104', 9, '3360.25', '2021-06-05', 'RB'),
('e52', '202105', 3, '4117.09', '2021-07-01', 'RB'),
('e52', '202106', 10, '1828.32', '2021-08-03', 'RB'),
('e52', '202107', 4, '1692.30', '2021-09-08', 'RB'),
('e52', '202108', 8, '4775.31', '2021-10-05', 'RB'),
('e52', '202109', 2, '2515.41', '2021-11-02', 'RB'),
('e52', '202110', 4, '3180.49', '2021-12-04', 'RB'),
('e52', '202111', 2, '3330.04', '2022-01-06', 'RB'),
('e52', '202112', 3, '3106.27', '2022-02-03', 'RB'),
('e52', '202201', 4, '4828.16', '2022-03-05', 'RB'),
('e52', '202202', 3, '2323.70', '2022-04-01', 'RB'),
('e52', '202203', 9, '3569.48', '2022-05-06', 'RB'),
('e52', '202204', 12, '2996.60', '2022-06-04', 'RB'),
('e52', '202205', 6, '1800.77', '2022-07-02', 'RB'),
('e52', '202206', 5, '2115.87', '2022-08-06', 'RB'),
('e52', '202207', 10, '2155.14', '2022-09-02', 'RB'),
('e52', '202208', 11, '2740.92', '2022-09-01', 'VA'),
('e52', '202209', 1, '0.00', '2022-09-06', 'CR'),
('f21', '202009', 12, '2063.33', '2020-11-04', 'RB'),
('f21', '202010', 8, '1712.86', '2020-12-02', 'RB'),
('f21', '202011', 4, '3761.05', '2021-01-08', 'RB'),
('f21', '202012', 4, '3286.28', '2021-02-01', 'RB'),
('f21', '202101', 7, '2128.07', '2021-03-06', 'RB'),
('f21', '202102', 6, '3741.13', '2021-04-08', 'RB'),
('f21', '202103', 12, '3281.40', '2021-05-08', 'RB'),
('f21', '202104', 8, '4798.20', '2021-06-01', 'RB'),
('f21', '202105', 12, '2021.11', '2021-07-04', 'RB'),
('f21', '202106', 12, '3483.85', '2021-08-01', 'RB'),
('f21', '202107', 4, '3408.16', '2021-09-06', 'RB'),
('f21', '202108', 6, '4291.50', '2021-10-06', 'RB'),
('f21', '202109', 2, '2183.63', '2021-11-03', 'RB'),
('f21', '202110', 4, '3175.78', '2021-12-02', 'RB'),
('f21', '202111', 0, '3488.26', '2022-01-07', 'RB'),
('f21', '202112', 2, '5074.49', '2022-02-02', 'RB'),
('f21', '202201', 0, '3183.47', '2022-03-06', 'RB'),
('f21', '202202', 12, '2324.60', '2022-04-01', 'RB'),
('f21', '202203', 8, '1911.53', '2022-05-03', 'RB'),
('f21', '202204', 8, '2578.97', '2022-06-02', 'RB'),
('f21', '202205', 8, '2231.73', '2022-07-08', 'RB'),
('f21', '202206', 5, '1846.21', '2022-08-02', 'RB'),
('f21', '202207', 10, '3196.32', '2022-09-01', 'RB'),
('f21', '202208', 9, '3637.94', '2022-09-08', 'VA'),
('f21', '202209', 12, '0.00', '2022-09-06', 'CR'),
('f39', '202009', 0, '3405.35', '2020-11-06', 'RB'),
('f39', '202010', 6, '2493.62', '2020-12-07', 'RB'),
('f39', '202011', 5, '4940.21', '2021-01-06', 'RB'),
('f39', '202012', 3, '3939.06', '2021-02-08', 'RB'),
('f39', '202101', 7, '4563.72', '2021-03-08', 'RB'),
('f39', '202102', 6, '1910.40', '2021-04-03', 'RB'),
('f39', '202103', 4, '2759.31', '2021-05-01', 'RB'),
('f39', '202104', 12, '2596.17', '2021-06-04', 'RB'),
('f39', '202105', 1, '1982.41', '2021-07-03', 'RB'),
('f39', '202106', 6, '3732.68', '2021-08-01', 'RB'),
('f39', '202107', 5, '3218.06', '2021-09-07', 'RB'),
('f39', '202108', 8, '5633.98', '2021-10-06', 'RB'),
('f39', '202109', 5, '3154.78', '2021-11-05', 'RB'),
('f39', '202110', 10, '2977.65', '2021-12-08', 'RB'),
('f39', '202111', 3, '2616.46', '2022-01-03', 'RB'),
('f39', '202112', 12, '4925.76', '2022-02-03', 'RB'),
('f39', '202201', 7, '3353.46', '2022-03-05', 'RB'),
('f39', '202202', 9, '2882.02', '2022-04-06', 'RB'),
('f39', '202203', 10, '1332.87', '2022-05-04', 'RB'),
('f39', '202204', 10, '2413.75', '2022-06-05', 'RB'),
('f39', '202205', 7, '3697.87', '2022-07-05', 'RB'),
('f39', '202206', 10, '3365.10', '2022-08-08', 'RB'),
('f39', '202207', 1, '4438.49', '2022-09-02', 'RB'),
('f39', '202208', 6, '2323.27', '2022-09-05', 'VA'),
('f39', '202209', 11, '0.00', '2022-09-02', 'CR'),
('f4', '202009', 5, '4431.44', '2020-11-06', 'RB'),
('f4', '202010', 8, '3076.10', '2020-12-07', 'RB'),
('f4', '202011', 11, '2235.54', '2021-01-02', 'RB'),
('f4', '202012', 2, '5177.38', '2021-02-01', 'RB'),
('f4', '202101', 11, '3742.45', '2021-03-01', 'RB'),
('f4', '202102', 7, '3632.40', '2021-04-04', 'RB'),
('f4', '202103', 5, '2514.53', '2021-05-07', 'RB'),
('f4', '202104', 4, '3242.61', '2021-06-02', 'RB'),
('f4', '202105', 0, '2383.08', '2021-07-08', 'RB'),
('f4', '202106', 0, '3446.21', '2021-08-08', 'RB'),
('f4', '202107', 11, '2232.89', '2021-09-06', 'RB'),
('f4', '202108', 5, '2702.48', '2021-10-03', 'RB'),
('f4', '202109', 6, '3185.56', '2021-11-05', 'RB'),
('f4', '202110', 8, '4896.14', '2021-12-08', 'RB'),
('f4', '202111', 1, '3746.74', '2022-01-06', 'RB'),
('f4', '202112', 9, '3885.88', '2022-02-05', 'RB'),
('f4', '202201', 0, '4805.13', '2022-03-07', 'RB'),
('f4', '202202', 9, '2433.85', '2022-04-06', 'RB'),
('f4', '202203', 2, '4480.90', '2022-05-05', 'RB'),
('f4', '202204', 3, '5042.95', '2022-06-01', 'RB'),
('f4', '202205', 2, '2720.61', '2022-07-01', 'RB'),
('f4', '202206', 9, '4739.80', '2022-08-08', 'RB'),
('f4', '202207', 4, '4111.62', '2022-09-03', 'RB'),
('f4', '202208', 0, '5249.48', '2022-09-04', 'VA'),
('f4', '202209', 3, '0.00', '2022-09-07', 'CR');

-- --------------------------------------------------------

--
-- Structure de la table `fraisforfait`
--

DROP TABLE IF EXISTS `fraisforfait`;
CREATE TABLE IF NOT EXISTS `fraisforfait` (
  `id` char(3) NOT NULL,
  `libelle` char(20) DEFAULT NULL,
  `montant` decimal(5,2) DEFAULT NULL,
  PRIMARY KEY (`id`)
) ENGINE=InnoDB DEFAULT CHARSET=utf8mb4 COLLATE=utf8mb4_0900_ai_ci;

--
-- Déchargement des données de la table `fraisforfait`
--

INSERT INTO `fraisforfait` (`id`, `libelle`, `montant`) VALUES
('ETP', 'Forfait Etape', '110.00'),
('KM', 'Frais Kilométrique', '0.62'),
('NUI', 'Nuitée Hôtel', '80.00'),
('REP', 'Repas Restaurant', '25.00');

-- --------------------------------------------------------

--
-- Structure de la table `lignefraisforfait`
--

DROP TABLE IF EXISTS `lignefraisforfait`;
CREATE TABLE IF NOT EXISTS `lignefraisforfait` (
  `idvisiteur` char(4) NOT NULL,
  `mois` char(6) NOT NULL,
  `idfraisforfait` char(3) NOT NULL,
  `quantite` int DEFAULT NULL,
  PRIMARY KEY (`idvisiteur`,`mois`,`idfraisforfait`),
  KEY `idfraisforfait` (`idfraisforfait`)
) ENGINE=InnoDB DEFAULT CHARSET=utf8mb4 COLLATE=utf8mb4_0900_ai_ci;

--
-- Déchargement des données de la table `lignefraisforfait`
--

INSERT INTO `lignefraisforfait` (`idvisiteur`, `mois`, `idfraisforfait`, `quantite`) VALUES
('a131', '202009', 'ETP', 10),
('a131', '202009', 'KM', 351),
('a131', '202009', 'NUI', 15),
('a131', '202009', 'REP', 11),
('a131', '202010', 'ETP', 19),
('a131', '202010', 'KM', 970),
('a131', '202010', 'NUI', 13),
('a131', '202010', 'REP', 6),
('a131', '202011', 'ETP', 19),
('a131', '202011', 'KM', 914),
('a131', '202011', 'NUI', 14),
('a131', '202011', 'REP', 2),
('a131', '202012', 'ETP', 7),
('a131', '202012', 'KM', 559),
('a131', '202012', 'NUI', 11),
('a131', '202012', 'REP', 2),
('a131', '202101', 'ETP', 5),
('a131', '202101', 'KM', 904),
('a131', '202101', 'NUI', 17),
('a131', '202101', 'REP', 17),
('a131', '202102', 'ETP', 18),
('a131', '202102', 'KM', 311),
('a131', '202102', 'NUI', 15),
('a131', '202102', 'REP', 3),
('a131', '202103', 'ETP', 10),
('a131', '202103', 'KM', 895),
('a131', '202103', 'NUI', 19),
('a131', '202103', 'REP', 16),
('a131', '202104', 'ETP', 7),
('a131', '202104', 'KM', 750),
('a131', '202104', 'NUI', 14),
('a131', '202104', 'REP', 3),
('a131', '202105', 'ETP', 13),
('a131', '202105', 'KM', 921),
('a131', '202105', 'NUI', 7),
('a131', '202105', 'REP', 12),
('a131', '202106', 'ETP', 3),
('a131', '202106', 'KM', 336),
('a131', '202106', 'NUI', 8),
('a131', '202106', 'REP', 19),
('a131', '202107', 'ETP', 2),
('a131', '202107', 'KM', 311),
('a131', '202107', 'NUI', 8),
('a131', '202107', 'REP', 14),
('a131', '202108', 'ETP', 7),
('a131', '202108', 'KM', 401),
('a131', '202108', 'NUI', 15),
('a131', '202108', 'REP', 12),
('a131', '202109', 'ETP', 18),
('a131', '202109', 'KM', 595),
('a131', '202109', 'NUI', 13),
('a131', '202109', 'REP', 9),
('a131', '202110', 'ETP', 11),
('a131', '202110', 'KM', 926),
('a131', '202110', 'NUI', 20),
('a131', '202110', 'REP', 16),
('a131', '202111', 'ETP', 18),
('a131', '202111', 'KM', 526),
('a131', '202111', 'NUI', 15),
('a131', '202111', 'REP', 19),
('a131', '202112', 'ETP', 15),
('a131', '202112', 'KM', 580),
('a131', '202112', 'NUI', 12),
('a131', '202112', 'REP', 8),
('a131', '202201', 'ETP', 14),
('a131', '202201', 'KM', 856),
('a131', '202201', 'NUI', 7),
('a131', '202201', 'REP', 11),
('a131', '202202', 'ETP', 9),
('a131', '202202', 'KM', 358),
('a131', '202202', 'NUI', 7),
('a131', '202202', 'REP', 20),
('a131', '202203', 'ETP', 13),
('a131', '202203', 'KM', 587),
('a131', '202203', 'NUI', 14),
('a131', '202203', 'REP', 4),
('a131', '202204', 'ETP', 9),
('a131', '202204', 'KM', 871),
('a131', '202204', 'NUI', 18),
('a131', '202204', 'REP', 8),
('a131', '202205', 'ETP', 3),
('a131', '202205', 'KM', 786),
('a131', '202205', 'NUI', 10),
('a131', '202205', 'REP', 12),
('a131', '202206', 'ETP', 6),
('a131', '202206', 'KM', 494),
('a131', '202206', 'NUI', 20),
('a131', '202206', 'REP', 10),
('a131', '202207', 'ETP', 3),
('a131', '202207', 'KM', 524),
('a131', '202207', 'NUI', 13),
('a131', '202207', 'REP', 8),
('a131', '202208', 'ETP', 16),
('a131', '202208', 'KM', 538),
('a131', '202208', 'NUI', 4),
('a131', '202208', 'REP', 17),
('a131', '202209', 'ETP', 16),
('a131', '202209', 'KM', 355),
('a131', '202209', 'NUI', 20),
('a131', '202209', 'REP', 15),
('a17', '202009', 'ETP', 19),
('a17', '202009', 'KM', 672),
('a17', '202009', 'NUI', 16),
('a17', '202009', 'REP', 18),
('a17', '202010', 'ETP', 9),
('a17', '202010', 'KM', 730),
('a17', '202010', 'NUI', 15),
('a17', '202010', 'REP', 2),
('a17', '202011', 'ETP', 2),
('a17', '202011', 'KM', 305),
('a17', '202011', 'NUI', 11),
('a17', '202011', 'REP', 19),
('a17', '202012', 'ETP', 8),
('a17', '202012', 'KM', 702),
('a17', '202012', 'NUI', 10),
('a17', '202012', 'REP', 6),
('a17', '202101', 'ETP', 12),
('a17', '202101', 'KM', 954),
('a17', '202101', 'NUI', 3),
('a17', '202101', 'REP', 17),
('a17', '202102', 'ETP', 5),
('a17', '202102', 'KM', 831),
('a17', '202102', 'NUI', 3),
('a17', '202102', 'REP', 7),
('a17', '202103', 'ETP', 17),
('a17', '202103', 'KM', 384),
('a17', '202103', 'NUI', 5),
('a17', '202103', 'REP', 13),
('a17', '202104', 'ETP', 17),
('a17', '202104', 'KM', 308),
('a17', '202104', 'NUI', 17),
('a17', '202104', 'REP', 9),
('a17', '202105', 'ETP', 15),
('a17', '202105', 'KM', 401),
('a17', '202105', 'NUI', 16),
('a17', '202105', 'REP', 9),
('a17', '202106', 'ETP', 3),
('a17', '202106', 'KM', 464),
('a17', '202106', 'NUI', 14),
('a17', '202106', 'REP', 9),
('a17', '202107', 'ETP', 5),
('a17', '202107', 'KM', 832),
('a17', '202107', 'NUI', 18),
('a17', '202107', 'REP', 9),
('a17', '202108', 'ETP', 9),
('a17', '202108', 'KM', 356),
('a17', '202108', 'NUI', 4),
('a17', '202108', 'REP', 16),
('a17', '202109', 'ETP', 8),
('a17', '202109', 'KM', 771),
('a17', '202109', 'NUI', 19),
('a17', '202109', 'REP', 4),
('a17', '202110', 'ETP', 12),
('a17', '202110', 'KM', 660),
('a17', '202110', 'NUI', 20),
('a17', '202110', 'REP', 4),
('a17', '202111', 'ETP', 15),
('a17', '202111', 'KM', 997),
('a17', '202111', 'NUI', 20),
('a17', '202111', 'REP', 2),
('a17', '202112', 'ETP', 3),
('a17', '202112', 'KM', 885),
('a17', '202112', 'NUI', 17),
('a17', '202112', 'REP', 15),
('a17', '202201', 'ETP', 5),
('a17', '202201', 'KM', 785),
('a17', '202201', 'NUI', 6),
('a17', '202201', 'REP', 6),
('a17', '202202', 'ETP', 3),
('a17', '202202', 'KM', 312),
('a17', '202202', 'NUI', 4),
('a17', '202202', 'REP', 17),
('a17', '202203', 'ETP', 15),
('a17', '202203', 'KM', 354),
('a17', '202203', 'NUI', 4),
('a17', '202203', 'REP', 20),
('a17', '202204', 'ETP', 10),
('a17', '202204', 'KM', 518),
('a17', '202204', 'NUI', 10),
('a17', '202204', 'REP', 15),
('a17', '202205', 'ETP', 9),
('a17', '202205', 'KM', 897),
('a17', '202205', 'NUI', 12),
('a17', '202205', 'REP', 12),
('a17', '202206', 'ETP', 9),
('a17', '202206', 'KM', 389),
('a17', '202206', 'NUI', 10),
('a17', '202206', 'REP', 11),
('a17', '202207', 'ETP', 14),
('a17', '202207', 'KM', 384),
('a17', '202207', 'NUI', 19),
('a17', '202207', 'REP', 6),
('a17', '202208', 'ETP', 19),
('a17', '202208', 'KM', 772),
('a17', '202208', 'NUI', 20),
('a17', '202208', 'REP', 2),
('a17', '202209', 'ETP', 20),
('a17', '202209', 'KM', 605),
('a17', '202209', 'NUI', 6),
('a17', '202209', 'REP', 10),
('a17', '202210', 'ETP', 51),
('a17', '202210', 'KM', 151),
('a17', '202210', 'NUI', 20151),
('a17', '202210', 'REP', 51515),
('a55', '202009', 'ETP', 3),
('a55', '202009', 'KM', 780),
('a55', '202009', 'NUI', 14),
('a55', '202009', 'REP', 14),
('a55', '202010', 'ETP', 6),
('a55', '202010', 'KM', 930),
('a55', '202010', 'NUI', 6),
('a55', '202010', 'REP', 13),
('a55', '202011', 'ETP', 18),
('a55', '202011', 'KM', 472),
('a55', '202011', 'NUI', 4),
('a55', '202011', 'REP', 20),
('a55', '202012', 'ETP', 20),
('a55', '202012', 'KM', 505),
('a55', '202012', 'NUI', 4),
('a55', '202012', 'REP', 11),
('a55', '202101', 'ETP', 7),
('a55', '202101', 'KM', 358),
('a55', '202101', 'NUI', 12),
('a55', '202101', 'REP', 8),
('a55', '202102', 'ETP', 6),
('a55', '202102', 'KM', 448),
('a55', '202102', 'NUI', 3),
('a55', '202102', 'REP', 17),
('a55', '202103', 'ETP', 4),
('a55', '202103', 'KM', 532),
('a55', '202103', 'NUI', 3),
('a55', '202103', 'REP', 11),
('a55', '202104', 'ETP', 4),
('a55', '202104', 'KM', 995),
('a55', '202104', 'NUI', 10),
('a55', '202104', 'REP', 2),
('a55', '202105', 'ETP', 19),
('a55', '202105', 'KM', 541),
('a55', '202105', 'NUI', 3),
('a55', '202105', 'REP', 14),
('a55', '202106', 'ETP', 5),
('a55', '202106', 'KM', 769),
('a55', '202106', 'NUI', 10),
('a55', '202106', 'REP', 4),
('a55', '202107', 'ETP', 8),
('a55', '202107', 'KM', 637),
('a55', '202107', 'NUI', 19),
('a55', '202107', 'REP', 17),
('a55', '202108', 'ETP', 16),
('a55', '202108', 'KM', 905),
('a55', '202108', 'NUI', 8),
('a55', '202108', 'REP', 19),
('a55', '202109', 'ETP', 15),
('a55', '202109', 'KM', 384),
('a55', '202109', 'NUI', 7),
('a55', '202109', 'REP', 2),
('a55', '202110', 'ETP', 16),
('a55', '202110', 'KM', 806),
('a55', '202110', 'NUI', 9),
('a55', '202110', 'REP', 3),
('a55', '202111', 'ETP', 5),
('a55', '202111', 'KM', 628),
('a55', '202111', 'NUI', 2),
('a55', '202111', 'REP', 10),
('a55', '202112', 'ETP', 2),
('a55', '202112', 'KM', 545),
('a55', '202112', 'NUI', 19),
('a55', '202112', 'REP', 18),
('a55', '202201', 'ETP', 5),
('a55', '202201', 'KM', 510),
('a55', '202201', 'NUI', 5),
('a55', '202201', 'REP', 13),
('a55', '202202', 'ETP', 7),
('a55', '202202', 'KM', 520),
('a55', '202202', 'NUI', 4),
('a55', '202202', 'REP', 16),
('a55', '202203', 'ETP', 12),
('a55', '202203', 'KM', 612),
('a55', '202203', 'NUI', 2),
('a55', '202203', 'REP', 9),
('a55', '202204', 'ETP', 19),
('a55', '202204', 'KM', 994),
('a55', '202204', 'NUI', 3),
('a55', '202204', 'REP', 11),
('a55', '202205', 'ETP', 19),
('a55', '202205', 'KM', 701),
('a55', '202205', 'NUI', 15),
('a55', '202205', 'REP', 3),
('a55', '202206', 'ETP', 9),
('a55', '202206', 'KM', 533),
('a55', '202206', 'NUI', 6),
('a55', '202206', 'REP', 15),
('a55', '202207', 'ETP', 4),
('a55', '202207', 'KM', 681),
('a55', '202207', 'NUI', 7),
('a55', '202207', 'REP', 10),
('a55', '202208', 'ETP', 9),
('a55', '202208', 'KM', 659),
('a55', '202208', 'NUI', 15),
('a55', '202208', 'REP', 11),
('a55', '202209', 'ETP', 7),
('a55', '202209', 'KM', 873),
('a55', '202209', 'NUI', 6),
('a55', '202209', 'REP', 20),
('a93', '202009', 'ETP', 16),
('a93', '202009', 'KM', 423),
('a93', '202009', 'NUI', 10),
('a93', '202009', 'REP', 19),
('a93', '202010', 'ETP', 2),
('a93', '202010', 'KM', 959),
('a93', '202010', 'NUI', 12),
('a93', '202010', 'REP', 19),
('a93', '202011', 'ETP', 14),
('a93', '202011', 'KM', 884),
('a93', '202011', 'NUI', 3),
('a93', '202011', 'REP', 13),
('a93', '202012', 'ETP', 14),
('a93', '202012', 'KM', 951),
('a93', '202012', 'NUI', 11),
('a93', '202012', 'REP', 15),
('a93', '202101', 'ETP', 11),
('a93', '202101', 'KM', 704),
('a93', '202101', 'NUI', 6),
('a93', '202101', 'REP', 10),
('a93', '202102', 'ETP', 15),
('a93', '202102', 'KM', 982),
('a93', '202102', 'NUI', 12),
('a93', '202102', 'REP', 6),
('a93', '202103', 'ETP', 8),
('a93', '202103', 'KM', 700),
('a93', '202103', 'NUI', 20),
('a93', '202103', 'REP', 2),
('a93', '202104', 'ETP', 14),
('a93', '202104', 'KM', 368),
('a93', '202104', 'NUI', 5),
('a93', '202104', 'REP', 15),
('a93', '202105', 'ETP', 13),
('a93', '202105', 'KM', 816),
('a93', '202105', 'NUI', 17),
('a93', '202105', 'REP', 5),
('a93', '202106', 'ETP', 5),
('a93', '202106', 'KM', 909),
('a93', '202106', 'NUI', 14),
('a93', '202106', 'REP', 19),
('a93', '202107', 'ETP', 9),
('a93', '202107', 'KM', 930),
('a93', '202107', 'NUI', 11),
('a93', '202107', 'REP', 16),
('a93', '202108', 'ETP', 13),
('a93', '202108', 'KM', 461),
('a93', '202108', 'NUI', 8),
('a93', '202108', 'REP', 2),
('a93', '202109', 'ETP', 7),
('a93', '202109', 'KM', 874),
('a93', '202109', 'NUI', 16),
('a93', '202109', 'REP', 3),
('a93', '202110', 'ETP', 6),
('a93', '202110', 'KM', 737),
('a93', '202110', 'NUI', 11),
('a93', '202110', 'REP', 2),
('a93', '202111', 'ETP', 20),
('a93', '202111', 'KM', 650),
('a93', '202111', 'NUI', 2),
('a93', '202111', 'REP', 13),
('a93', '202112', 'ETP', 20),
('a93', '202112', 'KM', 340),
('a93', '202112', 'NUI', 9),
('a93', '202112', 'REP', 2),
('a93', '202201', 'ETP', 6),
('a93', '202201', 'KM', 602),
('a93', '202201', 'NUI', 15),
('a93', '202201', 'REP', 20),
('a93', '202202', 'ETP', 3),
('a93', '202202', 'KM', 986),
('a93', '202202', 'NUI', 4),
('a93', '202202', 'REP', 18),
('a93', '202203', 'ETP', 9),
('a93', '202203', 'KM', 547),
('a93', '202203', 'NUI', 5),
('a93', '202203', 'REP', 18),
('a93', '202204', 'ETP', 4),
('a93', '202204', 'KM', 365),
('a93', '202204', 'NUI', 4),
('a93', '202204', 'REP', 11),
('a93', '202205', 'ETP', 20),
('a93', '202205', 'KM', 303),
('a93', '202205', 'NUI', 14),
('a93', '202205', 'REP', 4),
('a93', '202206', 'ETP', 20),
('a93', '202206', 'KM', 597),
('a93', '202206', 'NUI', 16),
('a93', '202206', 'REP', 11),
('a93', '202207', 'ETP', 5),
('a93', '202207', 'KM', 436),
('a93', '202207', 'NUI', 10),
('a93', '202207', 'REP', 19),
('a93', '202208', 'ETP', 4),
('a93', '202208', 'KM', 947),
('a93', '202208', 'NUI', 11),
('a93', '202208', 'REP', 9),
('a93', '202209', 'ETP', 15),
('a93', '202209', 'KM', 928),
('a93', '202209', 'NUI', 19),
('a93', '202209', 'REP', 12),
('b13', '202009', 'ETP', 8),
('b13', '202009', 'KM', 607),
('b13', '202009', 'NUI', 8),
('b13', '202009', 'REP', 17),
('b13', '202010', 'ETP', 18),
('b13', '202010', 'KM', 750),
('b13', '202010', 'NUI', 6),
('b13', '202010', 'REP', 17),
('b13', '202011', 'ETP', 6),
('b13', '202011', 'KM', 818),
('b13', '202011', 'NUI', 6),
('b13', '202011', 'REP', 14),
('b13', '202012', 'ETP', 7),
('b13', '202012', 'KM', 869),
('b13', '202012', 'NUI', 11),
('b13', '202012', 'REP', 4),
('b13', '202101', 'ETP', 3),
('b13', '202101', 'KM', 629),
('b13', '202101', 'NUI', 16),
('b13', '202101', 'REP', 16),
('b13', '202102', 'ETP', 3),
('b13', '202102', 'KM', 994),
('b13', '202102', 'NUI', 8),
('b13', '202102', 'REP', 19),
('b13', '202103', 'ETP', 20),
('b13', '202103', 'KM', 333),
('b13', '202103', 'NUI', 10),
('b13', '202103', 'REP', 15),
('b13', '202104', 'ETP', 6),
('b13', '202104', 'KM', 343),
('b13', '202104', 'NUI', 19),
('b13', '202104', 'REP', 10),
('b13', '202105', 'ETP', 15),
('b13', '202105', 'KM', 697),
('b13', '202105', 'NUI', 19),
('b13', '202105', 'REP', 8),
('b13', '202106', 'ETP', 3),
('b13', '202106', 'KM', 738),
('b13', '202106', 'NUI', 5),
('b13', '202106', 'REP', 8),
('b13', '202107', 'ETP', 20),
('b13', '202107', 'KM', 931),
('b13', '202107', 'NUI', 3),
('b13', '202107', 'REP', 12),
('b13', '202108', 'ETP', 7),
('b13', '202108', 'KM', 784),
('b13', '202108', 'NUI', 15),
('b13', '202108', 'REP', 12),
('b13', '202109', 'ETP', 5),
('b13', '202109', 'KM', 983),
('b13', '202109', 'NUI', 18),
('b13', '202109', 'REP', 9),
('b13', '202110', 'ETP', 2),
('b13', '202110', 'KM', 789),
('b13', '202110', 'NUI', 6),
('b13', '202110', 'REP', 12),
('b13', '202111', 'ETP', 13),
('b13', '202111', 'KM', 319),
('b13', '202111', 'NUI', 8),
('b13', '202111', 'REP', 16),
('b13', '202112', 'ETP', 16),
('b13', '202112', 'KM', 689),
('b13', '202112', 'NUI', 20),
('b13', '202112', 'REP', 12),
('b13', '202201', 'ETP', 11),
('b13', '202201', 'KM', 977),
('b13', '202201', 'NUI', 18),
('b13', '202201', 'REP', 7),
('b13', '202202', 'ETP', 19),
('b13', '202202', 'KM', 742),
('b13', '202202', 'NUI', 2),
('b13', '202202', 'REP', 2),
('b13', '202203', 'ETP', 12),
('b13', '202203', 'KM', 352),
('b13', '202203', 'NUI', 14),
('b13', '202203', 'REP', 12),
('b13', '202204', 'ETP', 5),
('b13', '202204', 'KM', 784),
('b13', '202204', 'NUI', 4),
('b13', '202204', 'REP', 9),
('b13', '202205', 'ETP', 10),
('b13', '202205', 'KM', 411),
('b13', '202205', 'NUI', 13),
('b13', '202205', 'REP', 11),
('b13', '202206', 'ETP', 9),
('b13', '202206', 'KM', 547),
('b13', '202206', 'NUI', 18),
('b13', '202206', 'REP', 8),
('b13', '202207', 'ETP', 9),
('b13', '202207', 'KM', 533),
('b13', '202207', 'NUI', 2),
('b13', '202207', 'REP', 5),
('b13', '202208', 'ETP', 9),
('b13', '202208', 'KM', 811),
('b13', '202208', 'NUI', 16),
('b13', '202208', 'REP', 5),
('b13', '202209', 'ETP', 13),
('b13', '202209', 'KM', 352),
('b13', '202209', 'NUI', 9),
('b13', '202209', 'REP', 5),
('b16', '202009', 'ETP', 9),
('b16', '202009', 'KM', 937),
('b16', '202009', 'NUI', 17),
('b16', '202009', 'REP', 9),
('b16', '202010', 'ETP', 11),
('b16', '202010', 'KM', 561),
('b16', '202010', 'NUI', 7),
('b16', '202010', 'REP', 20),
('b16', '202011', 'ETP', 15),
('b16', '202011', 'KM', 720),
('b16', '202011', 'NUI', 3),
('b16', '202011', 'REP', 12),
('b16', '202012', 'ETP', 13),
('b16', '202012', 'KM', 307),
('b16', '202012', 'NUI', 9),
('b16', '202012', 'REP', 3),
('b16', '202101', 'ETP', 5),
('b16', '202101', 'KM', 999),
('b16', '202101', 'NUI', 17),
('b16', '202101', 'REP', 10),
('b16', '202102', 'ETP', 2),
('b16', '202102', 'KM', 404),
('b16', '202102', 'NUI', 12),
('b16', '202102', 'REP', 18),
('b16', '202103', 'ETP', 16),
('b16', '202103', 'KM', 915),
('b16', '202103', 'NUI', 6),
('b16', '202103', 'REP', 18),
('b16', '202104', 'ETP', 5),
('b16', '202104', 'KM', 874),
('b16', '202104', 'NUI', 11),
('b16', '202104', 'REP', 7),
('b16', '202105', 'ETP', 9),
('b16', '202105', 'KM', 682),
('b16', '202105', 'NUI', 20),
('b16', '202105', 'REP', 9),
('b16', '202106', 'ETP', 5),
('b16', '202106', 'KM', 539),
('b16', '202106', 'NUI', 10),
('b16', '202106', 'REP', 17),
('b16', '202107', 'ETP', 16),
('b16', '202107', 'KM', 835),
('b16', '202107', 'NUI', 19),
('b16', '202107', 'REP', 12),
('b16', '202108', 'ETP', 7),
('b16', '202108', 'KM', 813),
('b16', '202108', 'NUI', 8),
('b16', '202108', 'REP', 10),
('b16', '202109', 'ETP', 13),
('b16', '202109', 'KM', 466),
('b16', '202109', 'NUI', 13),
('b16', '202109', 'REP', 14),
('b16', '202110', 'ETP', 19),
('b16', '202110', 'KM', 701),
('b16', '202110', 'NUI', 19),
('b16', '202110', 'REP', 6),
('b16', '202111', 'ETP', 7),
('b16', '202111', 'KM', 748),
('b16', '202111', 'NUI', 4),
('b16', '202111', 'REP', 7),
('b16', '202112', 'ETP', 2),
('b16', '202112', 'KM', 348),
('b16', '202112', 'NUI', 16),
('b16', '202112', 'REP', 9),
('b16', '202201', 'ETP', 14),
('b16', '202201', 'KM', 378),
('b16', '202201', 'NUI', 2),
('b16', '202201', 'REP', 18),
('b16', '202202', 'ETP', 19),
('b16', '202202', 'KM', 518),
('b16', '202202', 'NUI', 9),
('b16', '202202', 'REP', 10),
('b16', '202203', 'ETP', 10),
('b16', '202203', 'KM', 604),
('b16', '202203', 'NUI', 9),
('b16', '202203', 'REP', 16),
('b16', '202204', 'ETP', 20),
('b16', '202204', 'KM', 377),
('b16', '202204', 'NUI', 3),
('b16', '202204', 'REP', 18),
('b16', '202205', 'ETP', 7),
('b16', '202205', 'KM', 819),
('b16', '202205', 'NUI', 18),
('b16', '202205', 'REP', 4),
('b16', '202206', 'ETP', 10),
('b16', '202206', 'KM', 918),
('b16', '202206', 'NUI', 12),
('b16', '202206', 'REP', 8),
('b16', '202207', 'ETP', 8),
('b16', '202207', 'KM', 925),
('b16', '202207', 'NUI', 8),
('b16', '202207', 'REP', 6),
('b16', '202208', 'ETP', 15),
('b16', '202208', 'KM', 641),
('b16', '202208', 'NUI', 3),
('b16', '202208', 'REP', 2),
('b16', '202209', 'ETP', 16),
('b16', '202209', 'KM', 340),
('b16', '202209', 'NUI', 8),
('b16', '202209', 'REP', 9),
('b19', '202009', 'ETP', 6),
('b19', '202009', 'KM', 520),
('b19', '202009', 'NUI', 20),
('b19', '202009', 'REP', 14),
('b19', '202010', 'ETP', 15),
('b19', '202010', 'KM', 463),
('b19', '202010', 'NUI', 14),
('b19', '202010', 'REP', 14),
('b19', '202011', 'ETP', 15),
('b19', '202011', 'KM', 513),
('b19', '202011', 'NUI', 9),
('b19', '202011', 'REP', 11),
('b19', '202012', 'ETP', 8),
('b19', '202012', 'KM', 947),
('b19', '202012', 'NUI', 17),
('b19', '202012', 'REP', 19),
('b19', '202101', 'ETP', 10),
('b19', '202101', 'KM', 949),
('b19', '202101', 'NUI', 5),
('b19', '202101', 'REP', 20),
('b19', '202102', 'ETP', 20),
('b19', '202102', 'KM', 520),
('b19', '202102', 'NUI', 11),
('b19', '202102', 'REP', 16),
('b19', '202103', 'ETP', 7),
('b19', '202103', 'KM', 681),
('b19', '202103', 'NUI', 15),
('b19', '202103', 'REP', 2),
('b19', '202104', 'ETP', 9),
('b19', '202104', 'KM', 313),
('b19', '202104', 'NUI', 6),
('b19', '202104', 'REP', 4),
('b19', '202105', 'ETP', 6),
('b19', '202105', 'KM', 425),
('b19', '202105', 'NUI', 6),
('b19', '202105', 'REP', 6),
('b19', '202106', 'ETP', 16),
('b19', '202106', 'KM', 867),
('b19', '202106', 'NUI', 14),
('b19', '202106', 'REP', 12),
('b19', '202107', 'ETP', 10),
('b19', '202107', 'KM', 452),
('b19', '202107', 'NUI', 10),
('b19', '202107', 'REP', 18),
('b19', '202108', 'ETP', 13),
('b19', '202108', 'KM', 557),
('b19', '202108', 'NUI', 12),
('b19', '202108', 'REP', 19),
('b19', '202109', 'ETP', 14),
('b19', '202109', 'KM', 498),
('b19', '202109', 'NUI', 9),
('b19', '202109', 'REP', 13),
('b19', '202110', 'ETP', 8),
('b19', '202110', 'KM', 476),
('b19', '202110', 'NUI', 11),
('b19', '202110', 'REP', 11),
('b19', '202111', 'ETP', 15),
('b19', '202111', 'KM', 654),
('b19', '202111', 'NUI', 4),
('b19', '202111', 'REP', 20),
('b19', '202112', 'ETP', 20),
('b19', '202112', 'KM', 986),
('b19', '202112', 'NUI', 8),
('b19', '202112', 'REP', 2),
('b19', '202201', 'ETP', 4),
('b19', '202201', 'KM', 572),
('b19', '202201', 'NUI', 12),
('b19', '202201', 'REP', 14),
('b19', '202202', 'ETP', 15),
('b19', '202202', 'KM', 675),
('b19', '202202', 'NUI', 5),
('b19', '202202', 'REP', 11),
('b19', '202203', 'ETP', 13),
('b19', '202203', 'KM', 982),
('b19', '202203', 'NUI', 5),
('b19', '202203', 'REP', 4),
('b19', '202204', 'ETP', 13),
('b19', '202204', 'KM', 731),
('b19', '202204', 'NUI', 6),
('b19', '202204', 'REP', 10),
('b19', '202205', 'ETP', 20),
('b19', '202205', 'KM', 590),
('b19', '202205', 'NUI', 7),
('b19', '202205', 'REP', 14),
('b19', '202206', 'ETP', 6),
('b19', '202206', 'KM', 981),
('b19', '202206', 'NUI', 19),
('b19', '202206', 'REP', 20),
('b19', '202207', 'ETP', 9),
('b19', '202207', 'KM', 681),
('b19', '202207', 'NUI', 3),
('b19', '202207', 'REP', 5),
('b19', '202208', 'ETP', 8),
('b19', '202208', 'KM', 385),
('b19', '202208', 'NUI', 13),
('b19', '202208', 'REP', 12),
('b19', '202209', 'ETP', 9),
('b19', '202209', 'KM', 857),
('b19', '202209', 'NUI', 19),
('b19', '202209', 'REP', 11),
('b25', '202009', 'ETP', 8),
('b25', '202009', 'KM', 613),
('b25', '202009', 'NUI', 16),
('b25', '202009', 'REP', 19),
('b25', '202010', 'ETP', 10),
('b25', '202010', 'KM', 657),
('b25', '202010', 'NUI', 20),
('b25', '202010', 'REP', 15),
('b25', '202011', 'ETP', 18),
('b25', '202011', 'KM', 919),
('b25', '202011', 'NUI', 5),
('b25', '202011', 'REP', 5),
('b25', '202012', 'ETP', 11),
('b25', '202012', 'KM', 484),
('b25', '202012', 'NUI', 19),
('b25', '202012', 'REP', 4),
('b25', '202101', 'ETP', 4),
('b25', '202101', 'KM', 868),
('b25', '202101', 'NUI', 16),
('b25', '202101', 'REP', 15),
('b25', '202102', 'ETP', 18),
('b25', '202102', 'KM', 864),
('b25', '202102', 'NUI', 10),
('b25', '202102', 'REP', 7),
('b25', '202103', 'ETP', 8),
('b25', '202103', 'KM', 819),
('b25', '202103', 'NUI', 9),
('b25', '202103', 'REP', 5),
('b25', '202104', 'ETP', 11),
('b25', '202104', 'KM', 681),
('b25', '202104', 'NUI', 8),
('b25', '202104', 'REP', 9),
('b25', '202105', 'ETP', 20),
('b25', '202105', 'KM', 311),
('b25', '202105', 'NUI', 12),
('b25', '202105', 'REP', 14),
('b25', '202106', 'ETP', 2),
('b25', '202106', 'KM', 990),
('b25', '202106', 'NUI', 15),
('b25', '202106', 'REP', 8),
('b25', '202107', 'ETP', 10),
('b25', '202107', 'KM', 953),
('b25', '202107', 'NUI', 8),
('b25', '202107', 'REP', 7),
('b25', '202108', 'ETP', 14),
('b25', '202108', 'KM', 596),
('b25', '202108', 'NUI', 18),
('b25', '202108', 'REP', 12),
('b25', '202109', 'ETP', 10),
('b25', '202109', 'KM', 831),
('b25', '202109', 'NUI', 5),
('b25', '202109', 'REP', 12),
('b25', '202110', 'ETP', 3),
('b25', '202110', 'KM', 503),
('b25', '202110', 'NUI', 7),
('b25', '202110', 'REP', 11),
('b25', '202111', 'ETP', 16),
('b25', '202111', 'KM', 876),
('b25', '202111', 'NUI', 14),
('b25', '202111', 'REP', 3),
('b25', '202112', 'ETP', 19),
('b25', '202112', 'KM', 760),
('b25', '202112', 'NUI', 7),
('b25', '202112', 'REP', 17),
('b25', '202201', 'ETP', 11),
('b25', '202201', 'KM', 513),
('b25', '202201', 'NUI', 19),
('b25', '202201', 'REP', 6),
('b25', '202202', 'ETP', 13),
('b25', '202202', 'KM', 843),
('b25', '202202', 'NUI', 19),
('b25', '202202', 'REP', 5),
('b25', '202203', 'ETP', 16),
('b25', '202203', 'KM', 479),
('b25', '202203', 'NUI', 14),
('b25', '202203', 'REP', 12),
('b25', '202204', 'ETP', 20),
('b25', '202204', 'KM', 559),
('b25', '202204', 'NUI', 12),
('b25', '202204', 'REP', 6),
('b25', '202205', 'ETP', 6),
('b25', '202205', 'KM', 858),
('b25', '202205', 'NUI', 16),
('b25', '202205', 'REP', 8),
('b25', '202206', 'ETP', 5),
('b25', '202206', 'KM', 479),
('b25', '202206', 'NUI', 2),
('b25', '202206', 'REP', 17),
('b25', '202207', 'ETP', 19),
('b25', '202207', 'KM', 421),
('b25', '202207', 'NUI', 18),
('b25', '202207', 'REP', 4),
('b25', '202208', 'ETP', 6),
('b25', '202208', 'KM', 893),
('b25', '202208', 'NUI', 4),
('b25', '202208', 'REP', 2),
('b25', '202209', 'ETP', 4),
('b25', '202209', 'KM', 607),
('b25', '202209', 'NUI', 5),
('b25', '202209', 'REP', 10),
('b28', '202009', 'ETP', 11),
('b28', '202009', 'KM', 741),
('b28', '202009', 'NUI', 12),
('b28', '202009', 'REP', 8),
('b28', '202010', 'ETP', 7),
('b28', '202010', 'KM', 504),
('b28', '202010', 'NUI', 15),
('b28', '202010', 'REP', 16),
('b28', '202011', 'ETP', 5),
('b28', '202011', 'KM', 384),
('b28', '202011', 'NUI', 14),
('b28', '202011', 'REP', 8),
('b28', '202012', 'ETP', 17),
('b28', '202012', 'KM', 904),
('b28', '202012', 'NUI', 17),
('b28', '202012', 'REP', 16),
('b28', '202101', 'ETP', 2),
('b28', '202101', 'KM', 308),
('b28', '202101', 'NUI', 15),
('b28', '202101', 'REP', 6),
('b28', '202102', 'ETP', 13),
('b28', '202102', 'KM', 501),
('b28', '202102', 'NUI', 7),
('b28', '202102', 'REP', 7),
('b28', '202103', 'ETP', 14),
('b28', '202103', 'KM', 841),
('b28', '202103', 'NUI', 16),
('b28', '202103', 'REP', 7),
('b28', '202104', 'ETP', 3),
('b28', '202104', 'KM', 751),
('b28', '202104', 'NUI', 17),
('b28', '202104', 'REP', 6),
('b28', '202105', 'ETP', 14),
('b28', '202105', 'KM', 654),
('b28', '202105', 'NUI', 20),
('b28', '202105', 'REP', 13),
('b28', '202106', 'ETP', 8),
('b28', '202106', 'KM', 330),
('b28', '202106', 'NUI', 5),
('b28', '202106', 'REP', 5),
('b28', '202107', 'ETP', 10),
('b28', '202107', 'KM', 529),
('b28', '202107', 'NUI', 3),
('b28', '202107', 'REP', 15),
('b28', '202108', 'ETP', 7),
('b28', '202108', 'KM', 685),
('b28', '202108', 'NUI', 8),
('b28', '202108', 'REP', 5),
('b28', '202109', 'ETP', 4),
('b28', '202109', 'KM', 918),
('b28', '202109', 'NUI', 11),
('b28', '202109', 'REP', 5),
('b28', '202110', 'ETP', 13),
('b28', '202110', 'KM', 366),
('b28', '202110', 'NUI', 6),
('b28', '202110', 'REP', 17),
('b28', '202111', 'ETP', 5),
('b28', '202111', 'KM', 770),
('b28', '202111', 'NUI', 3),
('b28', '202111', 'REP', 7),
('b28', '202112', 'ETP', 20),
('b28', '202112', 'KM', 795),
('b28', '202112', 'NUI', 19),
('b28', '202112', 'REP', 11),
('b28', '202201', 'ETP', 9),
('b28', '202201', 'KM', 907),
('b28', '202201', 'NUI', 11),
('b28', '202201', 'REP', 18),
('b28', '202202', 'ETP', 4),
('b28', '202202', 'KM', 415),
('b28', '202202', 'NUI', 7),
('b28', '202202', 'REP', 15),
('b28', '202203', 'ETP', 5),
('b28', '202203', 'KM', 820),
('b28', '202203', 'NUI', 20),
('b28', '202203', 'REP', 10),
('b28', '202204', 'ETP', 17),
('b28', '202204', 'KM', 518),
('b28', '202204', 'NUI', 4),
('b28', '202204', 'REP', 17),
('b28', '202205', 'ETP', 15),
('b28', '202205', 'KM', 464),
('b28', '202205', 'NUI', 6),
('b28', '202205', 'REP', 2),
('b28', '202206', 'ETP', 12),
('b28', '202206', 'KM', 387),
('b28', '202206', 'NUI', 2),
('b28', '202206', 'REP', 10),
('b28', '202207', 'ETP', 2),
('b28', '202207', 'KM', 840),
('b28', '202207', 'NUI', 6),
('b28', '202207', 'REP', 19),
('b28', '202208', 'ETP', 13),
('b28', '202208', 'KM', 970),
('b28', '202208', 'NUI', 4),
('b28', '202208', 'REP', 10),
('b28', '202209', 'ETP', 17),
('b28', '202209', 'KM', 650),
('b28', '202209', 'NUI', 7),
('b28', '202209', 'REP', 2),
('b34', '202009', 'ETP', 5),
('b34', '202009', 'KM', 800),
('b34', '202009', 'NUI', 9),
('b34', '202009', 'REP', 6),
('b34', '202010', 'ETP', 19),
('b34', '202010', 'KM', 458),
('b34', '202010', 'NUI', 9),
('b34', '202010', 'REP', 8),
('b34', '202011', 'ETP', 11),
('b34', '202011', 'KM', 593),
('b34', '202011', 'NUI', 5),
('b34', '202011', 'REP', 6),
('b34', '202012', 'ETP', 4),
('b34', '202012', 'KM', 408),
('b34', '202012', 'NUI', 11),
('b34', '202012', 'REP', 3),
('b34', '202101', 'ETP', 14),
('b34', '202101', 'KM', 699),
('b34', '202101', 'NUI', 4),
('b34', '202101', 'REP', 19),
('b34', '202102', 'ETP', 6),
('b34', '202102', 'KM', 559),
('b34', '202102', 'NUI', 9),
('b34', '202102', 'REP', 17),
('b34', '202103', 'ETP', 3),
('b34', '202103', 'KM', 329),
('b34', '202103', 'NUI', 6),
('b34', '202103', 'REP', 8),
('b34', '202104', 'ETP', 2),
('b34', '202104', 'KM', 914),
('b34', '202104', 'NUI', 14),
('b34', '202104', 'REP', 16),
('b34', '202105', 'ETP', 10),
('b34', '202105', 'KM', 384),
('b34', '202105', 'NUI', 4),
('b34', '202105', 'REP', 11),
('b34', '202106', 'ETP', 4),
('b34', '202106', 'KM', 629),
('b34', '202106', 'NUI', 16),
('b34', '202106', 'REP', 14),
('b34', '202107', 'ETP', 14),
('b34', '202107', 'KM', 847),
('b34', '202107', 'NUI', 17),
('b34', '202107', 'REP', 7),
('b34', '202108', 'ETP', 7),
('b34', '202108', 'KM', 619),
('b34', '202108', 'NUI', 3),
('b34', '202108', 'REP', 20),
('b34', '202109', 'ETP', 12),
('b34', '202109', 'KM', 637),
('b34', '202109', 'NUI', 5),
('b34', '202109', 'REP', 10),
('b34', '202110', 'ETP', 7),
('b34', '202110', 'KM', 869),
('b34', '202110', 'NUI', 15),
('b34', '202110', 'REP', 12),
('b34', '202111', 'ETP', 3),
('b34', '202111', 'KM', 876),
('b34', '202111', 'NUI', 18),
('b34', '202111', 'REP', 12),
('b34', '202112', 'ETP', 20),
('b34', '202112', 'KM', 415),
('b34', '202112', 'NUI', 18),
('b34', '202112', 'REP', 13),
('b34', '202201', 'ETP', 13),
('b34', '202201', 'KM', 908),
('b34', '202201', 'NUI', 7),
('b34', '202201', 'REP', 16),
('b34', '202202', 'ETP', 9),
('b34', '202202', 'KM', 486),
('b34', '202202', 'NUI', 9),
('b34', '202202', 'REP', 18),
('b34', '202203', 'ETP', 17),
('b34', '202203', 'KM', 790),
('b34', '202203', 'NUI', 18),
('b34', '202203', 'REP', 18),
('b34', '202204', 'ETP', 13),
('b34', '202204', 'KM', 820),
('b34', '202204', 'NUI', 4),
('b34', '202204', 'REP', 19),
('b34', '202205', 'ETP', 16),
('b34', '202205', 'KM', 409),
('b34', '202205', 'NUI', 12),
('b34', '202205', 'REP', 10),
('b34', '202206', 'ETP', 6),
('b34', '202206', 'KM', 968),
('b34', '202206', 'NUI', 19),
('b34', '202206', 'REP', 15),
('b34', '202207', 'ETP', 11),
('b34', '202207', 'KM', 306),
('b34', '202207', 'NUI', 6),
('b34', '202207', 'REP', 4),
('b34', '202208', 'ETP', 12),
('b34', '202208', 'KM', 870),
('b34', '202208', 'NUI', 13),
('b34', '202208', 'REP', 12),
('b34', '202209', 'ETP', 19),
('b34', '202209', 'KM', 973),
('b34', '202209', 'NUI', 14),
('b34', '202209', 'REP', 9),
('b4', '202009', 'ETP', 17),
('b4', '202009', 'KM', 874),
('b4', '202009', 'NUI', 19),
('b4', '202009', 'REP', 6),
('b4', '202010', 'ETP', 15),
('b4', '202010', 'KM', 624),
('b4', '202010', 'NUI', 15),
('b4', '202010', 'REP', 11),
('b4', '202011', 'ETP', 3),
('b4', '202011', 'KM', 580),
('b4', '202011', 'NUI', 3),
('b4', '202011', 'REP', 14),
('b4', '202012', 'ETP', 11),
('b4', '202012', 'KM', 429),
('b4', '202012', 'NUI', 17),
('b4', '202012', 'REP', 15),
('b4', '202101', 'ETP', 18),
('b4', '202101', 'KM', 918),
('b4', '202101', 'NUI', 17),
('b4', '202101', 'REP', 5),
('b4', '202102', 'ETP', 11),
('b4', '202102', 'KM', 754),
('b4', '202102', 'NUI', 10),
('b4', '202102', 'REP', 20),
('b4', '202103', 'ETP', 17),
('b4', '202103', 'KM', 626),
('b4', '202103', 'NUI', 7),
('b4', '202103', 'REP', 11),
('b4', '202104', 'ETP', 4),
('b4', '202104', 'KM', 402),
('b4', '202104', 'NUI', 18),
('b4', '202104', 'REP', 4),
('b4', '202105', 'ETP', 16),
('b4', '202105', 'KM', 684),
('b4', '202105', 'NUI', 8),
('b4', '202105', 'REP', 16),
('b4', '202106', 'ETP', 12),
('b4', '202106', 'KM', 994),
('b4', '202106', 'NUI', 9),
('b4', '202106', 'REP', 15),
('b4', '202107', 'ETP', 7),
('b4', '202107', 'KM', 523),
('b4', '202107', 'NUI', 13),
('b4', '202107', 'REP', 2),
('b4', '202108', 'ETP', 5),
('b4', '202108', 'KM', 812),
('b4', '202108', 'NUI', 18),
('b4', '202108', 'REP', 5),
('b4', '202109', 'ETP', 20),
('b4', '202109', 'KM', 528),
('b4', '202109', 'NUI', 20),
('b4', '202109', 'REP', 16),
('b4', '202110', 'ETP', 5),
('b4', '202110', 'KM', 879),
('b4', '202110', 'NUI', 3),
('b4', '202110', 'REP', 16),
('b4', '202111', 'ETP', 19),
('b4', '202111', 'KM', 595),
('b4', '202111', 'NUI', 17),
('b4', '202111', 'REP', 12),
('b4', '202112', 'ETP', 5),
('b4', '202112', 'KM', 940),
('b4', '202112', 'NUI', 3),
('b4', '202112', 'REP', 9),
('b4', '202201', 'ETP', 18),
('b4', '202201', 'KM', 803),
('b4', '202201', 'NUI', 9),
('b4', '202201', 'REP', 19),
('b4', '202202', 'ETP', 19),
('b4', '202202', 'KM', 961),
('b4', '202202', 'NUI', 6),
('b4', '202202', 'REP', 6),
('b4', '202203', 'ETP', 9),
('b4', '202203', 'KM', 605),
('b4', '202203', 'NUI', 20),
('b4', '202203', 'REP', 16),
('b4', '202204', 'ETP', 3),
('b4', '202204', 'KM', 335),
('b4', '202204', 'NUI', 2),
('b4', '202204', 'REP', 6),
('b4', '202205', 'ETP', 2),
('b4', '202205', 'KM', 403),
('b4', '202205', 'NUI', 16),
('b4', '202205', 'REP', 19),
('b4', '202206', 'ETP', 4),
('b4', '202206', 'KM', 596),
('b4', '202206', 'NUI', 14),
('b4', '202206', 'REP', 9),
('b4', '202207', 'ETP', 18),
('b4', '202207', 'KM', 322),
('b4', '202207', 'NUI', 3),
('b4', '202207', 'REP', 19),
('b4', '202208', 'ETP', 17),
('b4', '202208', 'KM', 612),
('b4', '202208', 'NUI', 10),
('b4', '202208', 'REP', 11),
('b4', '202209', 'ETP', 14),
('b4', '202209', 'KM', 599),
('b4', '202209', 'NUI', 3),
('b4', '202209', 'REP', 5),
('b50', '202009', 'ETP', 20),
('b50', '202009', 'KM', 344),
('b50', '202009', 'NUI', 14),
('b50', '202009', 'REP', 2),
('b50', '202010', 'ETP', 19),
('b50', '202010', 'KM', 573),
('b50', '202010', 'NUI', 18),
('b50', '202010', 'REP', 15),
('b50', '202011', 'ETP', 9),
('b50', '202011', 'KM', 854),
('b50', '202011', 'NUI', 15),
('b50', '202011', 'REP', 8),
('b50', '202012', 'ETP', 14),
('b50', '202012', 'KM', 416),
('b50', '202012', 'NUI', 7),
('b50', '202012', 'REP', 7),
('b50', '202101', 'ETP', 15),
('b50', '202101', 'KM', 645),
('b50', '202101', 'NUI', 15),
('b50', '202101', 'REP', 12),
('b50', '202102', 'ETP', 9),
('b50', '202102', 'KM', 811),
('b50', '202102', 'NUI', 18),
('b50', '202102', 'REP', 16),
('b50', '202103', 'ETP', 10),
('b50', '202103', 'KM', 977),
('b50', '202103', 'NUI', 15),
('b50', '202103', 'REP', 3),
('b50', '202104', 'ETP', 17),
('b50', '202104', 'KM', 786),
('b50', '202104', 'NUI', 18),
('b50', '202104', 'REP', 5),
('b50', '202105', 'ETP', 4),
('b50', '202105', 'KM', 852),
('b50', '202105', 'NUI', 16),
('b50', '202105', 'REP', 9),
('b50', '202106', 'ETP', 4),
('b50', '202106', 'KM', 636),
('b50', '202106', 'NUI', 11),
('b50', '202106', 'REP', 13),
('b50', '202107', 'ETP', 2),
('b50', '202107', 'KM', 876),
('b50', '202107', 'NUI', 13),
('b50', '202107', 'REP', 9),
('b50', '202108', 'ETP', 8),
('b50', '202108', 'KM', 534),
('b50', '202108', 'NUI', 7),
('b50', '202108', 'REP', 13),
('b50', '202109', 'ETP', 5),
('b50', '202109', 'KM', 670),
('b50', '202109', 'NUI', 18),
('b50', '202109', 'REP', 16),
('b50', '202110', 'ETP', 14),
('b50', '202110', 'KM', 809),
('b50', '202110', 'NUI', 13),
('b50', '202110', 'REP', 13),
('b50', '202111', 'ETP', 11),
('b50', '202111', 'KM', 633),
('b50', '202111', 'NUI', 4),
('b50', '202111', 'REP', 6),
('b50', '202112', 'ETP', 2),
('b50', '202112', 'KM', 721),
('b50', '202112', 'NUI', 9),
('b50', '202112', 'REP', 10),
('b50', '202201', 'ETP', 8),
('b50', '202201', 'KM', 439),
('b50', '202201', 'NUI', 9),
('b50', '202201', 'REP', 13),
('b50', '202202', 'ETP', 19),
('b50', '202202', 'KM', 947),
('b50', '202202', 'NUI', 10),
('b50', '202202', 'REP', 6),
('b50', '202203', 'ETP', 8),
('b50', '202203', 'KM', 351),
('b50', '202203', 'NUI', 12),
('b50', '202203', 'REP', 2),
('b50', '202204', 'ETP', 6),
('b50', '202204', 'KM', 692),
('b50', '202204', 'NUI', 9),
('b50', '202204', 'REP', 9),
('b50', '202205', 'ETP', 6),
('b50', '202205', 'KM', 748),
('b50', '202205', 'NUI', 7),
('b50', '202205', 'REP', 14),
('b50', '202206', 'ETP', 18),
('b50', '202206', 'KM', 368),
('b50', '202206', 'NUI', 15),
('b50', '202206', 'REP', 6),
('b50', '202207', 'ETP', 14),
('b50', '202207', 'KM', 465),
('b50', '202207', 'NUI', 11),
('b50', '202207', 'REP', 13),
('b50', '202208', 'ETP', 13),
('b50', '202208', 'KM', 918),
('b50', '202208', 'NUI', 3),
('b50', '202208', 'REP', 2),
('b50', '202209', 'ETP', 13),
('b50', '202209', 'KM', 457),
('b50', '202209', 'NUI', 11),
('b50', '202209', 'REP', 18),
('b59', '202009', 'ETP', 20),
('b59', '202009', 'KM', 667),
('b59', '202009', 'NUI', 10),
('b59', '202009', 'REP', 18),
('b59', '202010', 'ETP', 7),
('b59', '202010', 'KM', 358),
('b59', '202010', 'NUI', 9),
('b59', '202010', 'REP', 17),
('b59', '202011', 'ETP', 15),
('b59', '202011', 'KM', 950),
('b59', '202011', 'NUI', 12),
('b59', '202011', 'REP', 10),
('b59', '202012', 'ETP', 11),
('b59', '202012', 'KM', 857),
('b59', '202012', 'NUI', 7),
('b59', '202012', 'REP', 16),
('b59', '202101', 'ETP', 9),
('b59', '202101', 'KM', 618),
('b59', '202101', 'NUI', 15),
('b59', '202101', 'REP', 14),
('b59', '202102', 'ETP', 20),
('b59', '202102', 'KM', 964),
('b59', '202102', 'NUI', 11),
('b59', '202102', 'REP', 20),
('b59', '202103', 'ETP', 13),
('b59', '202103', 'KM', 319),
('b59', '202103', 'NUI', 18),
('b59', '202103', 'REP', 11),
('b59', '202104', 'ETP', 6),
('b59', '202104', 'KM', 527),
('b59', '202104', 'NUI', 5),
('b59', '202104', 'REP', 15),
('b59', '202105', 'ETP', 20),
('b59', '202105', 'KM', 376),
('b59', '202105', 'NUI', 18),
('b59', '202105', 'REP', 8),
('b59', '202106', 'ETP', 5),
('b59', '202106', 'KM', 702),
('b59', '202106', 'NUI', 20),
('b59', '202106', 'REP', 5),
('b59', '202107', 'ETP', 15),
('b59', '202107', 'KM', 797),
('b59', '202107', 'NUI', 12),
('b59', '202107', 'REP', 7),
('b59', '202108', 'ETP', 8),
('b59', '202108', 'KM', 804),
('b59', '202108', 'NUI', 9),
('b59', '202108', 'REP', 3),
('b59', '202109', 'ETP', 13),
('b59', '202109', 'KM', 384),
('b59', '202109', 'NUI', 17),
('b59', '202109', 'REP', 18),
('b59', '202110', 'ETP', 5),
('b59', '202110', 'KM', 987),
('b59', '202110', 'NUI', 10),
('b59', '202110', 'REP', 8),
('b59', '202111', 'ETP', 20),
('b59', '202111', 'KM', 812),
('b59', '202111', 'NUI', 2),
('b59', '202111', 'REP', 17),
('b59', '202112', 'ETP', 5),
('b59', '202112', 'KM', 972),
('b59', '202112', 'NUI', 14),
('b59', '202112', 'REP', 14),
('b59', '202201', 'ETP', 16),
('b59', '202201', 'KM', 794),
('b59', '202201', 'NUI', 3),
('b59', '202201', 'REP', 8),
('b59', '202202', 'ETP', 13),
('b59', '202202', 'KM', 496),
('b59', '202202', 'NUI', 12),
('b59', '202202', 'REP', 12),
('b59', '202203', 'ETP', 8),
('b59', '202203', 'KM', 723),
('b59', '202203', 'NUI', 17),
('b59', '202203', 'REP', 20),
('b59', '202204', 'ETP', 16),
('b59', '202204', 'KM', 602),
('b59', '202204', 'NUI', 10),
('b59', '202204', 'REP', 6),
('b59', '202205', 'ETP', 12),
('b59', '202205', 'KM', 573),
('b59', '202205', 'NUI', 13),
('b59', '202205', 'REP', 6),
('b59', '202206', 'ETP', 12),
('b59', '202206', 'KM', 777),
('b59', '202206', 'NUI', 7),
('b59', '202206', 'REP', 8),
('b59', '202207', 'ETP', 12),
('b59', '202207', 'KM', 681),
('b59', '202207', 'NUI', 15),
('b59', '202207', 'REP', 18),
('b59', '202208', 'ETP', 7),
('b59', '202208', 'KM', 518),
('b59', '202208', 'NUI', 18),
('b59', '202208', 'REP', 17),
('b59', '202209', 'ETP', 4),
('b59', '202209', 'KM', 818),
('b59', '202209', 'NUI', 9),
('b59', '202209', 'REP', 12),
('c14', '202009', 'ETP', 6),
('c14', '202009', 'KM', 931),
('c14', '202009', 'NUI', 11),
('c14', '202009', 'REP', 15),
('c14', '202010', 'ETP', 6),
('c14', '202010', 'KM', 952),
('c14', '202010', 'NUI', 9),
('c14', '202010', 'REP', 3),
('c14', '202011', 'ETP', 20),
('c14', '202011', 'KM', 795),
('c14', '202011', 'NUI', 12),
('c14', '202011', 'REP', 12),
('c14', '202012', 'ETP', 9),
('c14', '202012', 'KM', 794),
('c14', '202012', 'NUI', 5),
('c14', '202012', 'REP', 8),
('c14', '202101', 'ETP', 8),
('c14', '202101', 'KM', 673),
('c14', '202101', 'NUI', 8),
('c14', '202101', 'REP', 10),
('c14', '202102', 'ETP', 14),
('c14', '202102', 'KM', 459),
('c14', '202102', 'NUI', 12),
('c14', '202102', 'REP', 12),
('c14', '202103', 'ETP', 2),
('c14', '202103', 'KM', 662),
('c14', '202103', 'NUI', 20),
('c14', '202103', 'REP', 15),
('c14', '202104', 'ETP', 12),
('c14', '202104', 'KM', 435),
('c14', '202104', 'NUI', 8),
('c14', '202104', 'REP', 15),
('c14', '202105', 'ETP', 2),
('c14', '202105', 'KM', 336),
('c14', '202105', 'NUI', 9),
('c14', '202105', 'REP', 20),
('c14', '202106', 'ETP', 13),
('c14', '202106', 'KM', 308),
('c14', '202106', 'NUI', 14),
('c14', '202106', 'REP', 13),
('c14', '202107', 'ETP', 13),
('c14', '202107', 'KM', 432),
('c14', '202107', 'NUI', 15),
('c14', '202107', 'REP', 8),
('c14', '202108', 'ETP', 18),
('c14', '202108', 'KM', 639),
('c14', '202108', 'NUI', 14),
('c14', '202108', 'REP', 5),
('c14', '202109', 'ETP', 15),
('c14', '202109', 'KM', 828),
('c14', '202109', 'NUI', 20),
('c14', '202109', 'REP', 15),
('c14', '202110', 'ETP', 11),
('c14', '202110', 'KM', 302),
('c14', '202110', 'NUI', 12),
('c14', '202110', 'REP', 13),
('c14', '202111', 'ETP', 5),
('c14', '202111', 'KM', 373),
('c14', '202111', 'NUI', 3),
('c14', '202111', 'REP', 11),
('c14', '202112', 'ETP', 9),
('c14', '202112', 'KM', 435),
('c14', '202112', 'NUI', 17),
('c14', '202112', 'REP', 3),
('c14', '202201', 'ETP', 11),
('c14', '202201', 'KM', 724),
('c14', '202201', 'NUI', 14),
('c14', '202201', 'REP', 14),
('c14', '202202', 'ETP', 9),
('c14', '202202', 'KM', 779),
('c14', '202202', 'NUI', 13),
('c14', '202202', 'REP', 2),
('c14', '202203', 'ETP', 7),
('c14', '202203', 'KM', 637),
('c14', '202203', 'NUI', 2),
('c14', '202203', 'REP', 3),
('c14', '202204', 'ETP', 11),
('c14', '202204', 'KM', 427),
('c14', '202204', 'NUI', 19),
('c14', '202204', 'REP', 16),
('c14', '202205', 'ETP', 19),
('c14', '202205', 'KM', 485),
('c14', '202205', 'NUI', 7),
('c14', '202205', 'REP', 7),
('c14', '202206', 'ETP', 17),
('c14', '202206', 'KM', 756),
('c14', '202206', 'NUI', 7),
('c14', '202206', 'REP', 6),
('c14', '202207', 'ETP', 11),
('c14', '202207', 'KM', 615),
('c14', '202207', 'NUI', 3),
('c14', '202207', 'REP', 7),
('c14', '202208', 'ETP', 10),
('c14', '202208', 'KM', 774),
('c14', '202208', 'NUI', 12),
('c14', '202208', 'REP', 19),
('c14', '202209', 'ETP', 2),
('c14', '202209', 'KM', 465),
('c14', '202209', 'NUI', 11),
('c14', '202209', 'REP', 8),
('c3', '202009', 'ETP', 13),
('c3', '202009', 'KM', 812),
('c3', '202009', 'NUI', 3),
('c3', '202009', 'REP', 6),
('c3', '202010', 'ETP', 7),
('c3', '202010', 'KM', 597),
('c3', '202010', 'NUI', 16),
('c3', '202010', 'REP', 5),
('c3', '202011', 'ETP', 14),
('c3', '202011', 'KM', 379),
('c3', '202011', 'NUI', 16),
('c3', '202011', 'REP', 20),
('c3', '202012', 'ETP', 20),
('c3', '202012', 'KM', 835),
('c3', '202012', 'NUI', 17),
('c3', '202012', 'REP', 16),
('c3', '202101', 'ETP', 8),
('c3', '202101', 'KM', 530),
('c3', '202101', 'NUI', 8),
('c3', '202101', 'REP', 10),
('c3', '202102', 'ETP', 9),
('c3', '202102', 'KM', 383),
('c3', '202102', 'NUI', 3),
('c3', '202102', 'REP', 5),
('c3', '202103', 'ETP', 12),
('c3', '202103', 'KM', 363),
('c3', '202103', 'NUI', 11),
('c3', '202103', 'REP', 6),
('c3', '202104', 'ETP', 13),
('c3', '202104', 'KM', 529),
('c3', '202104', 'NUI', 2),
('c3', '202104', 'REP', 10),
('c3', '202105', 'ETP', 14),
('c3', '202105', 'KM', 506),
('c3', '202105', 'NUI', 12),
('c3', '202105', 'REP', 5),
('c3', '202106', 'ETP', 15),
('c3', '202106', 'KM', 487),
('c3', '202106', 'NUI', 19),
('c3', '202106', 'REP', 12),
('c3', '202107', 'ETP', 5),
('c3', '202107', 'KM', 731),
('c3', '202107', 'NUI', 18),
('c3', '202107', 'REP', 5),
('c3', '202108', 'ETP', 18),
('c3', '202108', 'KM', 815),
('c3', '202108', 'NUI', 5),
('c3', '202108', 'REP', 15),
('c3', '202109', 'ETP', 15),
('c3', '202109', 'KM', 798),
('c3', '202109', 'NUI', 6),
('c3', '202109', 'REP', 5),
('c3', '202110', 'ETP', 6),
('c3', '202110', 'KM', 417),
('c3', '202110', 'NUI', 4),
('c3', '202110', 'REP', 7),
('c3', '202111', 'ETP', 18),
('c3', '202111', 'KM', 865),
('c3', '202111', 'NUI', 19),
('c3', '202111', 'REP', 9),
('c3', '202112', 'ETP', 2),
('c3', '202112', 'KM', 951),
('c3', '202112', 'NUI', 18),
('c3', '202112', 'REP', 7),
('c3', '202201', 'ETP', 14),
('c3', '202201', 'KM', 723),
('c3', '202201', 'NUI', 13),
('c3', '202201', 'REP', 3),
('c3', '202202', 'ETP', 11),
('c3', '202202', 'KM', 479),
('c3', '202202', 'NUI', 10),
('c3', '202202', 'REP', 8),
('c3', '202203', 'ETP', 10),
('c3', '202203', 'KM', 939),
('c3', '202203', 'NUI', 7),
('c3', '202203', 'REP', 5),
('c3', '202204', 'ETP', 17),
('c3', '202204', 'KM', 917),
('c3', '202204', 'NUI', 4),
('c3', '202204', 'REP', 20),
('c3', '202205', 'ETP', 10),
('c3', '202205', 'KM', 696),
('c3', '202205', 'NUI', 10),
('c3', '202205', 'REP', 6),
('c3', '202206', 'ETP', 4),
('c3', '202206', 'KM', 598),
('c3', '202206', 'NUI', 3),
('c3', '202206', 'REP', 12),
('c3', '202207', 'ETP', 5),
('c3', '202207', 'KM', 500),
('c3', '202207', 'NUI', 4),
('c3', '202207', 'REP', 5),
('c3', '202208', 'ETP', 17),
('c3', '202208', 'KM', 824),
('c3', '202208', 'NUI', 11),
('c3', '202208', 'REP', 16),
('c3', '202209', 'ETP', 8),
('c3', '202209', 'KM', 642),
('c3', '202209', 'NUI', 13),
('c3', '202209', 'REP', 15),
('c54', '202009', 'ETP', 10),
('c54', '202009', 'KM', 933),
('c54', '202009', 'NUI', 5),
('c54', '202009', 'REP', 7),
('c54', '202010', 'ETP', 12),
('c54', '202010', 'KM', 323),
('c54', '202010', 'NUI', 2),
('c54', '202010', 'REP', 5),
('c54', '202011', 'ETP', 18),
('c54', '202011', 'KM', 993),
('c54', '202011', 'NUI', 17),
('c54', '202011', 'REP', 20),
('c54', '202012', 'ETP', 5),
('c54', '202012', 'KM', 949),
('c54', '202012', 'NUI', 2),
('c54', '202012', 'REP', 18),
('c54', '202101', 'ETP', 13),
('c54', '202101', 'KM', 794),
('c54', '202101', 'NUI', 15),
('c54', '202101', 'REP', 17),
('c54', '202102', 'ETP', 9),
('c54', '202102', 'KM', 485),
('c54', '202102', 'NUI', 20),
('c54', '202102', 'REP', 15),
('c54', '202103', 'ETP', 9),
('c54', '202103', 'KM', 796),
('c54', '202103', 'NUI', 19),
('c54', '202103', 'REP', 9),
('c54', '202104', 'ETP', 20),
('c54', '202104', 'KM', 432),
('c54', '202104', 'NUI', 18),
('c54', '202104', 'REP', 11),
('c54', '202105', 'ETP', 20),
('c54', '202105', 'KM', 390),
('c54', '202105', 'NUI', 20),
('c54', '202105', 'REP', 11),
('c54', '202106', 'ETP', 13),
('c54', '202106', 'KM', 338),
('c54', '202106', 'NUI', 9),
('c54', '202106', 'REP', 9),
('c54', '202107', 'ETP', 18),
('c54', '202107', 'KM', 750),
('c54', '202107', 'NUI', 7),
('c54', '202107', 'REP', 10),
('c54', '202108', 'ETP', 5),
('c54', '202108', 'KM', 591),
('c54', '202108', 'NUI', 8),
('c54', '202108', 'REP', 18),
('c54', '202109', 'ETP', 2),
('c54', '202109', 'KM', 773),
('c54', '202109', 'NUI', 14),
('c54', '202109', 'REP', 11),
('c54', '202110', 'ETP', 19),
('c54', '202110', 'KM', 854),
('c54', '202110', 'NUI', 12),
('c54', '202110', 'REP', 16),
('c54', '202111', 'ETP', 13),
('c54', '202111', 'KM', 355),
('c54', '202111', 'NUI', 4),
('c54', '202111', 'REP', 4),
('c54', '202112', 'ETP', 9),
('c54', '202112', 'KM', 375),
('c54', '202112', 'NUI', 20),
('c54', '202112', 'REP', 16),
('c54', '202201', 'ETP', 11),
('c54', '202201', 'KM', 944),
('c54', '202201', 'NUI', 14),
('c54', '202201', 'REP', 20),
('c54', '202202', 'ETP', 10),
('c54', '202202', 'KM', 872),
('c54', '202202', 'NUI', 18),
('c54', '202202', 'REP', 17),
('c54', '202203', 'ETP', 12),
('c54', '202203', 'KM', 530),
('c54', '202203', 'NUI', 2),
('c54', '202203', 'REP', 7),
('c54', '202204', 'ETP', 2),
('c54', '202204', 'KM', 647),
('c54', '202204', 'NUI', 18),
('c54', '202204', 'REP', 12),
('c54', '202205', 'ETP', 20),
('c54', '202205', 'KM', 654),
('c54', '202205', 'NUI', 8),
('c54', '202205', 'REP', 17),
('c54', '202206', 'ETP', 20),
('c54', '202206', 'KM', 687),
('c54', '202206', 'NUI', 11),
('c54', '202206', 'REP', 20),
('c54', '202207', 'ETP', 5),
('c54', '202207', 'KM', 729),
('c54', '202207', 'NUI', 20),
('c54', '202207', 'REP', 5),
('c54', '202208', 'ETP', 9),
('c54', '202208', 'KM', 465),
('c54', '202208', 'NUI', 2),
('c54', '202208', 'REP', 13),
('c54', '202209', 'ETP', 10),
('c54', '202209', 'KM', 805),
('c54', '202209', 'NUI', 7),
('c54', '202209', 'REP', 4),
('d13', '202009', 'ETP', 20),
('d13', '202009', 'KM', 417),
('d13', '202009', 'NUI', 8),
('d13', '202009', 'REP', 15),
('d13', '202010', 'ETP', 5),
('d13', '202010', 'KM', 403),
('d13', '202010', 'NUI', 3),
('d13', '202010', 'REP', 4),
('d13', '202011', 'ETP', 4),
('d13', '202011', 'KM', 766),
('d13', '202011', 'NUI', 15),
('d13', '202011', 'REP', 19),
('d13', '202012', 'ETP', 8),
('d13', '202012', 'KM', 445),
('d13', '202012', 'NUI', 2),
('d13', '202012', 'REP', 9),
('d13', '202101', 'ETP', 16),
('d13', '202101', 'KM', 376),
('d13', '202101', 'NUI', 13),
('d13', '202101', 'REP', 19),
('d13', '202102', 'ETP', 11),
('d13', '202102', 'KM', 391),
('d13', '202102', 'NUI', 3),
('d13', '202102', 'REP', 8),
('d13', '202103', 'ETP', 4),
('d13', '202103', 'KM', 386),
('d13', '202103', 'NUI', 10),
('d13', '202103', 'REP', 16),
('d13', '202104', 'ETP', 2),
('d13', '202104', 'KM', 447),
('d13', '202104', 'NUI', 9),
('d13', '202104', 'REP', 20),
('d13', '202105', 'ETP', 15),
('d13', '202105', 'KM', 574),
('d13', '202105', 'NUI', 2),
('d13', '202105', 'REP', 2),
('d13', '202106', 'ETP', 3),
('d13', '202106', 'KM', 536),
('d13', '202106', 'NUI', 9),
('d13', '202106', 'REP', 7),
('d13', '202107', 'ETP', 11),
('d13', '202107', 'KM', 760),
('d13', '202107', 'NUI', 13),
('d13', '202107', 'REP', 12),
('d13', '202108', 'ETP', 11),
('d13', '202108', 'KM', 479),
('d13', '202108', 'NUI', 3),
('d13', '202108', 'REP', 17),
('d13', '202109', 'ETP', 6),
('d13', '202109', 'KM', 615),
('d13', '202109', 'NUI', 3),
('d13', '202109', 'REP', 11),
('d13', '202110', 'ETP', 16),
('d13', '202110', 'KM', 890),
('d13', '202110', 'NUI', 4),
('d13', '202110', 'REP', 16),
('d13', '202111', 'ETP', 5),
('d13', '202111', 'KM', 435),
('d13', '202111', 'NUI', 15),
('d13', '202111', 'REP', 11),
('d13', '202112', 'ETP', 8),
('d13', '202112', 'KM', 551),
('d13', '202112', 'NUI', 2),
('d13', '202112', 'REP', 18),
('d13', '202201', 'ETP', 4),
('d13', '202201', 'KM', 638),
('d13', '202201', 'NUI', 9),
('d13', '202201', 'REP', 10),
('d13', '202202', 'ETP', 16),
('d13', '202202', 'KM', 525),
('d13', '202202', 'NUI', 20),
('d13', '202202', 'REP', 16),
('d13', '202203', 'ETP', 12),
('d13', '202203', 'KM', 383),
('d13', '202203', 'NUI', 10),
('d13', '202203', 'REP', 4),
('d13', '202204', 'ETP', 11),
('d13', '202204', 'KM', 513),
('d13', '202204', 'NUI', 11),
('d13', '202204', 'REP', 13),
('d13', '202205', 'ETP', 5),
('d13', '202205', 'KM', 562),
('d13', '202205', 'NUI', 15),
('d13', '202205', 'REP', 6),
('d13', '202206', 'ETP', 8),
('d13', '202206', 'KM', 629),
('d13', '202206', 'NUI', 20),
('d13', '202206', 'REP', 6),
('d13', '202207', 'ETP', 10),
('d13', '202207', 'KM', 533),
('d13', '202207', 'NUI', 10),
('d13', '202207', 'REP', 19),
('d13', '202208', 'ETP', 18),
('d13', '202208', 'KM', 681),
('d13', '202208', 'NUI', 8),
('d13', '202208', 'REP', 3),
('d13', '202209', 'ETP', 8),
('d13', '202209', 'KM', 346),
('d13', '202209', 'NUI', 5),
('d13', '202209', 'REP', 17),
('d51', '202009', 'ETP', 7),
('d51', '202009', 'KM', 981),
('d51', '202009', 'NUI', 2),
('d51', '202009', 'REP', 8),
('d51', '202010', 'ETP', 20),
('d51', '202010', 'KM', 844),
('d51', '202010', 'NUI', 17),
('d51', '202010', 'REP', 12),
('d51', '202011', 'ETP', 2),
('d51', '202011', 'KM', 861),
('d51', '202011', 'NUI', 14),
('d51', '202011', 'REP', 2),
('d51', '202012', 'ETP', 13),
('d51', '202012', 'KM', 770),
('d51', '202012', 'NUI', 4),
('d51', '202012', 'REP', 13),
('d51', '202101', 'ETP', 8),
('d51', '202101', 'KM', 409),
('d51', '202101', 'NUI', 6),
('d51', '202101', 'REP', 3),
('d51', '202102', 'ETP', 2),
('d51', '202102', 'KM', 875),
('d51', '202102', 'NUI', 7),
('d51', '202102', 'REP', 17),
('d51', '202103', 'ETP', 12),
('d51', '202103', 'KM', 908),
('d51', '202103', 'NUI', 15),
('d51', '202103', 'REP', 19),
('d51', '202104', 'ETP', 15),
('d51', '202104', 'KM', 813),
('d51', '202104', 'NUI', 9),
('d51', '202104', 'REP', 19),
('d51', '202105', 'ETP', 5),
('d51', '202105', 'KM', 678),
('d51', '202105', 'NUI', 20),
('d51', '202105', 'REP', 3),
('d51', '202106', 'ETP', 20),
('d51', '202106', 'KM', 641),
('d51', '202106', 'NUI', 7),
('d51', '202106', 'REP', 18),
('d51', '202107', 'ETP', 18),
('d51', '202107', 'KM', 780),
('d51', '202107', 'NUI', 18),
('d51', '202107', 'REP', 20),
('d51', '202108', 'ETP', 17),
('d51', '202108', 'KM', 774),
('d51', '202108', 'NUI', 16),
('d51', '202108', 'REP', 5),
('d51', '202109', 'ETP', 5),
('d51', '202109', 'KM', 865),
('d51', '202109', 'NUI', 12),
('d51', '202109', 'REP', 19),
('d51', '202110', 'ETP', 10),
('d51', '202110', 'KM', 882),
('d51', '202110', 'NUI', 18),
('d51', '202110', 'REP', 5),
('d51', '202111', 'ETP', 12),
('d51', '202111', 'KM', 439),
('d51', '202111', 'NUI', 6),
('d51', '202111', 'REP', 20),
('d51', '202112', 'ETP', 14),
('d51', '202112', 'KM', 605),
('d51', '202112', 'NUI', 18),
('d51', '202112', 'REP', 2),
('d51', '202201', 'ETP', 5),
('d51', '202201', 'KM', 407),
('d51', '202201', 'NUI', 16),
('d51', '202201', 'REP', 3),
('d51', '202202', 'ETP', 13),
('d51', '202202', 'KM', 408),
('d51', '202202', 'NUI', 5),
('d51', '202202', 'REP', 6),
('d51', '202203', 'ETP', 6),
('d51', '202203', 'KM', 930),
('d51', '202203', 'NUI', 6),
('d51', '202203', 'REP', 17),
('d51', '202204', 'ETP', 6),
('d51', '202204', 'KM', 708),
('d51', '202204', 'NUI', 12),
('d51', '202204', 'REP', 8),
('d51', '202205', 'ETP', 15),
('d51', '202205', 'KM', 742),
('d51', '202205', 'NUI', 14),
('d51', '202205', 'REP', 18),
('d51', '202206', 'ETP', 3),
('d51', '202206', 'KM', 500),
('d51', '202206', 'NUI', 15),
('d51', '202206', 'REP', 2),
('d51', '202207', 'ETP', 13),
('d51', '202207', 'KM', 831),
('d51', '202207', 'NUI', 10),
('d51', '202207', 'REP', 18),
('d51', '202208', 'ETP', 12),
('d51', '202208', 'KM', 309),
('d51', '202208', 'NUI', 17),
('d51', '202208', 'REP', 18),
('d51', '202209', 'ETP', 11),
('d51', '202209', 'KM', 946),
('d51', '202209', 'NUI', 16),
('d51', '202209', 'REP', 8),
('e22', '202009', 'ETP', 17),
('e22', '202009', 'KM', 551);
INSERT INTO `lignefraisforfait` (`idvisiteur`, `mois`, `idfraisforfait`, `quantite`) VALUES
('e22', '202009', 'NUI', 2),
('e22', '202009', 'REP', 12),
('e22', '202010', 'ETP', 18),
('e22', '202010', 'KM', 735),
('e22', '202010', 'NUI', 14),
('e22', '202010', 'REP', 2),
('e22', '202011', 'ETP', 9),
('e22', '202011', 'KM', 538),
('e22', '202011', 'NUI', 10),
('e22', '202011', 'REP', 11),
('e22', '202012', 'ETP', 16),
('e22', '202012', 'KM', 501),
('e22', '202012', 'NUI', 17),
('e22', '202012', 'REP', 10),
('e22', '202101', 'ETP', 9),
('e22', '202101', 'KM', 686),
('e22', '202101', 'NUI', 10),
('e22', '202101', 'REP', 7),
('e22', '202102', 'ETP', 17),
('e22', '202102', 'KM', 709),
('e22', '202102', 'NUI', 6),
('e22', '202102', 'REP', 10),
('e22', '202103', 'ETP', 7),
('e22', '202103', 'KM', 376),
('e22', '202103', 'NUI', 3),
('e22', '202103', 'REP', 9),
('e22', '202104', 'ETP', 17),
('e22', '202104', 'KM', 652),
('e22', '202104', 'NUI', 7),
('e22', '202104', 'REP', 4),
('e22', '202105', 'ETP', 3),
('e22', '202105', 'KM', 705),
('e22', '202105', 'NUI', 6),
('e22', '202105', 'REP', 13),
('e22', '202106', 'ETP', 20),
('e22', '202106', 'KM', 787),
('e22', '202106', 'NUI', 20),
('e22', '202106', 'REP', 13),
('e22', '202107', 'ETP', 17),
('e22', '202107', 'KM', 483),
('e22', '202107', 'NUI', 18),
('e22', '202107', 'REP', 13),
('e22', '202108', 'ETP', 4),
('e22', '202108', 'KM', 599),
('e22', '202108', 'NUI', 4),
('e22', '202108', 'REP', 4),
('e22', '202109', 'ETP', 12),
('e22', '202109', 'KM', 301),
('e22', '202109', 'NUI', 11),
('e22', '202109', 'REP', 8),
('e22', '202110', 'ETP', 13),
('e22', '202110', 'KM', 689),
('e22', '202110', 'NUI', 17),
('e22', '202110', 'REP', 17),
('e22', '202111', 'ETP', 14),
('e22', '202111', 'KM', 578),
('e22', '202111', 'NUI', 12),
('e22', '202111', 'REP', 17),
('e22', '202112', 'ETP', 14),
('e22', '202112', 'KM', 960),
('e22', '202112', 'NUI', 15),
('e22', '202112', 'REP', 7),
('e22', '202201', 'ETP', 5),
('e22', '202201', 'KM', 934),
('e22', '202201', 'NUI', 18),
('e22', '202201', 'REP', 17),
('e22', '202202', 'ETP', 4),
('e22', '202202', 'KM', 432),
('e22', '202202', 'NUI', 18),
('e22', '202202', 'REP', 15),
('e22', '202203', 'ETP', 14),
('e22', '202203', 'KM', 791),
('e22', '202203', 'NUI', 17),
('e22', '202203', 'REP', 6),
('e22', '202204', 'ETP', 7),
('e22', '202204', 'KM', 447),
('e22', '202204', 'NUI', 9),
('e22', '202204', 'REP', 3),
('e22', '202205', 'ETP', 20),
('e22', '202205', 'KM', 1000),
('e22', '202205', 'NUI', 20),
('e22', '202205', 'REP', 16),
('e22', '202206', 'ETP', 11),
('e22', '202206', 'KM', 856),
('e22', '202206', 'NUI', 18),
('e22', '202206', 'REP', 5),
('e22', '202207', 'ETP', 6),
('e22', '202207', 'KM', 354),
('e22', '202207', 'NUI', 2),
('e22', '202207', 'REP', 6),
('e22', '202208', 'ETP', 14),
('e22', '202208', 'KM', 934),
('e22', '202208', 'NUI', 19),
('e22', '202208', 'REP', 13),
('e22', '202209', 'ETP', 7),
('e22', '202209', 'KM', 672),
('e22', '202209', 'NUI', 12),
('e22', '202209', 'REP', 10),
('e24', '202009', 'ETP', 9),
('e24', '202009', 'KM', 983),
('e24', '202009', 'NUI', 19),
('e24', '202009', 'REP', 18),
('e24', '202010', 'ETP', 14),
('e24', '202010', 'KM', 758),
('e24', '202010', 'NUI', 11),
('e24', '202010', 'REP', 5),
('e24', '202011', 'ETP', 6),
('e24', '202011', 'KM', 862),
('e24', '202011', 'NUI', 9),
('e24', '202011', 'REP', 12),
('e24', '202012', 'ETP', 2),
('e24', '202012', 'KM', 897),
('e24', '202012', 'NUI', 4),
('e24', '202012', 'REP', 4),
('e24', '202101', 'ETP', 9),
('e24', '202101', 'KM', 962),
('e24', '202101', 'NUI', 4),
('e24', '202101', 'REP', 19),
('e24', '202102', 'ETP', 18),
('e24', '202102', 'KM', 431),
('e24', '202102', 'NUI', 4),
('e24', '202102', 'REP', 6),
('e24', '202103', 'ETP', 4),
('e24', '202103', 'KM', 354),
('e24', '202103', 'NUI', 17),
('e24', '202103', 'REP', 17),
('e24', '202104', 'ETP', 11),
('e24', '202104', 'KM', 632),
('e24', '202104', 'NUI', 14),
('e24', '202104', 'REP', 10),
('e24', '202105', 'ETP', 8),
('e24', '202105', 'KM', 830),
('e24', '202105', 'NUI', 7),
('e24', '202105', 'REP', 15),
('e24', '202106', 'ETP', 8),
('e24', '202106', 'KM', 754),
('e24', '202106', 'NUI', 4),
('e24', '202106', 'REP', 11),
('e24', '202107', 'ETP', 6),
('e24', '202107', 'KM', 347),
('e24', '202107', 'NUI', 5),
('e24', '202107', 'REP', 11),
('e24', '202108', 'ETP', 6),
('e24', '202108', 'KM', 369),
('e24', '202108', 'NUI', 9),
('e24', '202108', 'REP', 17),
('e24', '202109', 'ETP', 18),
('e24', '202109', 'KM', 862),
('e24', '202109', 'NUI', 15),
('e24', '202109', 'REP', 16),
('e24', '202110', 'ETP', 18),
('e24', '202110', 'KM', 918),
('e24', '202110', 'NUI', 7),
('e24', '202110', 'REP', 14),
('e24', '202111', 'ETP', 6),
('e24', '202111', 'KM', 404),
('e24', '202111', 'NUI', 3),
('e24', '202111', 'REP', 19),
('e24', '202112', 'ETP', 4),
('e24', '202112', 'KM', 966),
('e24', '202112', 'NUI', 11),
('e24', '202112', 'REP', 18),
('e24', '202201', 'ETP', 8),
('e24', '202201', 'KM', 906),
('e24', '202201', 'NUI', 20),
('e24', '202201', 'REP', 7),
('e24', '202202', 'ETP', 2),
('e24', '202202', 'KM', 891),
('e24', '202202', 'NUI', 12),
('e24', '202202', 'REP', 19),
('e24', '202203', 'ETP', 11),
('e24', '202203', 'KM', 805),
('e24', '202203', 'NUI', 14),
('e24', '202203', 'REP', 15),
('e24', '202204', 'ETP', 6),
('e24', '202204', 'KM', 683),
('e24', '202204', 'NUI', 19),
('e24', '202204', 'REP', 6),
('e24', '202205', 'ETP', 15),
('e24', '202205', 'KM', 518),
('e24', '202205', 'NUI', 12),
('e24', '202205', 'REP', 8),
('e24', '202206', 'ETP', 14),
('e24', '202206', 'KM', 548),
('e24', '202206', 'NUI', 18),
('e24', '202206', 'REP', 3),
('e24', '202207', 'ETP', 15),
('e24', '202207', 'KM', 955),
('e24', '202207', 'NUI', 18),
('e24', '202207', 'REP', 7),
('e24', '202208', 'ETP', 8),
('e24', '202208', 'KM', 831),
('e24', '202208', 'NUI', 19),
('e24', '202208', 'REP', 4),
('e24', '202209', 'ETP', 2),
('e24', '202209', 'KM', 316),
('e24', '202209', 'NUI', 4),
('e24', '202209', 'REP', 7),
('e39', '202009', 'ETP', 19),
('e39', '202009', 'KM', 327),
('e39', '202009', 'NUI', 17),
('e39', '202009', 'REP', 2),
('e39', '202010', 'ETP', 18),
('e39', '202010', 'KM', 479),
('e39', '202010', 'NUI', 10),
('e39', '202010', 'REP', 18),
('e39', '202011', 'ETP', 18),
('e39', '202011', 'KM', 858),
('e39', '202011', 'NUI', 20),
('e39', '202011', 'REP', 9),
('e39', '202012', 'ETP', 8),
('e39', '202012', 'KM', 925),
('e39', '202012', 'NUI', 2),
('e39', '202012', 'REP', 4),
('e39', '202101', 'ETP', 18),
('e39', '202101', 'KM', 402),
('e39', '202101', 'NUI', 12),
('e39', '202101', 'REP', 3),
('e39', '202102', 'ETP', 19),
('e39', '202102', 'KM', 788),
('e39', '202102', 'NUI', 9),
('e39', '202102', 'REP', 20),
('e39', '202103', 'ETP', 8),
('e39', '202103', 'KM', 303),
('e39', '202103', 'NUI', 13),
('e39', '202103', 'REP', 19),
('e39', '202104', 'ETP', 14),
('e39', '202104', 'KM', 432),
('e39', '202104', 'NUI', 6),
('e39', '202104', 'REP', 3),
('e39', '202105', 'ETP', 3),
('e39', '202105', 'KM', 487),
('e39', '202105', 'NUI', 2),
('e39', '202105', 'REP', 19),
('e39', '202106', 'ETP', 15),
('e39', '202106', 'KM', 321),
('e39', '202106', 'NUI', 6),
('e39', '202106', 'REP', 4),
('e39', '202107', 'ETP', 11),
('e39', '202107', 'KM', 756),
('e39', '202107', 'NUI', 5),
('e39', '202107', 'REP', 7),
('e39', '202108', 'ETP', 6),
('e39', '202108', 'KM', 349),
('e39', '202108', 'NUI', 15),
('e39', '202108', 'REP', 13),
('e39', '202109', 'ETP', 4),
('e39', '202109', 'KM', 719),
('e39', '202109', 'NUI', 2),
('e39', '202109', 'REP', 20),
('e39', '202110', 'ETP', 6),
('e39', '202110', 'KM', 382),
('e39', '202110', 'NUI', 17),
('e39', '202110', 'REP', 18),
('e39', '202111', 'ETP', 9),
('e39', '202111', 'KM', 775),
('e39', '202111', 'NUI', 19),
('e39', '202111', 'REP', 7),
('e39', '202112', 'ETP', 18),
('e39', '202112', 'KM', 896),
('e39', '202112', 'NUI', 11),
('e39', '202112', 'REP', 15),
('e39', '202201', 'ETP', 13),
('e39', '202201', 'KM', 720),
('e39', '202201', 'NUI', 9),
('e39', '202201', 'REP', 15),
('e39', '202202', 'ETP', 4),
('e39', '202202', 'KM', 603),
('e39', '202202', 'NUI', 15),
('e39', '202202', 'REP', 5),
('e39', '202203', 'ETP', 14),
('e39', '202203', 'KM', 711),
('e39', '202203', 'NUI', 15),
('e39', '202203', 'REP', 2),
('e39', '202204', 'ETP', 4),
('e39', '202204', 'KM', 621),
('e39', '202204', 'NUI', 3),
('e39', '202204', 'REP', 15),
('e39', '202205', 'ETP', 5),
('e39', '202205', 'KM', 947),
('e39', '202205', 'NUI', 12),
('e39', '202205', 'REP', 12),
('e39', '202206', 'ETP', 15),
('e39', '202206', 'KM', 835),
('e39', '202206', 'NUI', 3),
('e39', '202206', 'REP', 13),
('e39', '202207', 'ETP', 15),
('e39', '202207', 'KM', 579),
('e39', '202207', 'NUI', 17),
('e39', '202207', 'REP', 3),
('e39', '202208', 'ETP', 15),
('e39', '202208', 'KM', 837),
('e39', '202208', 'NUI', 19),
('e39', '202208', 'REP', 3),
('e39', '202209', 'ETP', 15),
('e39', '202209', 'KM', 896),
('e39', '202209', 'NUI', 11),
('e39', '202209', 'REP', 18),
('e49', '202009', 'ETP', 10),
('e49', '202009', 'KM', 696),
('e49', '202009', 'NUI', 4),
('e49', '202009', 'REP', 6),
('e49', '202010', 'ETP', 13),
('e49', '202010', 'KM', 554),
('e49', '202010', 'NUI', 4),
('e49', '202010', 'REP', 7),
('e49', '202011', 'ETP', 12),
('e49', '202011', 'KM', 594),
('e49', '202011', 'NUI', 17),
('e49', '202011', 'REP', 19),
('e49', '202012', 'ETP', 17),
('e49', '202012', 'KM', 925),
('e49', '202012', 'NUI', 19),
('e49', '202012', 'REP', 5),
('e49', '202101', 'ETP', 10),
('e49', '202101', 'KM', 854),
('e49', '202101', 'NUI', 14),
('e49', '202101', 'REP', 14),
('e49', '202102', 'ETP', 10),
('e49', '202102', 'KM', 405),
('e49', '202102', 'NUI', 10),
('e49', '202102', 'REP', 10),
('e49', '202103', 'ETP', 6),
('e49', '202103', 'KM', 800),
('e49', '202103', 'NUI', 10),
('e49', '202103', 'REP', 15),
('e49', '202104', 'ETP', 20),
('e49', '202104', 'KM', 980),
('e49', '202104', 'NUI', 9),
('e49', '202104', 'REP', 19),
('e49', '202105', 'ETP', 11),
('e49', '202105', 'KM', 823),
('e49', '202105', 'NUI', 12),
('e49', '202105', 'REP', 16),
('e49', '202106', 'ETP', 19),
('e49', '202106', 'KM', 943),
('e49', '202106', 'NUI', 12),
('e49', '202106', 'REP', 14),
('e49', '202107', 'ETP', 17),
('e49', '202107', 'KM', 426),
('e49', '202107', 'NUI', 2),
('e49', '202107', 'REP', 5),
('e49', '202108', 'ETP', 19),
('e49', '202108', 'KM', 834),
('e49', '202108', 'NUI', 19),
('e49', '202108', 'REP', 19),
('e49', '202109', 'ETP', 12),
('e49', '202109', 'KM', 618),
('e49', '202109', 'NUI', 17),
('e49', '202109', 'REP', 14),
('e49', '202110', 'ETP', 17),
('e49', '202110', 'KM', 920),
('e49', '202110', 'NUI', 9),
('e49', '202110', 'REP', 20),
('e49', '202111', 'ETP', 3),
('e49', '202111', 'KM', 889),
('e49', '202111', 'NUI', 8),
('e49', '202111', 'REP', 15),
('e49', '202112', 'ETP', 13),
('e49', '202112', 'KM', 952),
('e49', '202112', 'NUI', 20),
('e49', '202112', 'REP', 10),
('e49', '202201', 'ETP', 15),
('e49', '202201', 'KM', 774),
('e49', '202201', 'NUI', 13),
('e49', '202201', 'REP', 2),
('e49', '202202', 'ETP', 3),
('e49', '202202', 'KM', 378),
('e49', '202202', 'NUI', 10),
('e49', '202202', 'REP', 4),
('e49', '202203', 'ETP', 9),
('e49', '202203', 'KM', 671),
('e49', '202203', 'NUI', 20),
('e49', '202203', 'REP', 15),
('e49', '202204', 'ETP', 16),
('e49', '202204', 'KM', 780),
('e49', '202204', 'NUI', 12),
('e49', '202204', 'REP', 10),
('e49', '202205', 'ETP', 17),
('e49', '202205', 'KM', 871),
('e49', '202205', 'NUI', 17),
('e49', '202205', 'REP', 16),
('e49', '202206', 'ETP', 20),
('e49', '202206', 'KM', 452),
('e49', '202206', 'NUI', 5),
('e49', '202206', 'REP', 20),
('e49', '202207', 'ETP', 20),
('e49', '202207', 'KM', 701),
('e49', '202207', 'NUI', 5),
('e49', '202207', 'REP', 19),
('e49', '202208', 'ETP', 20),
('e49', '202208', 'KM', 533),
('e49', '202208', 'NUI', 15),
('e49', '202208', 'REP', 18),
('e49', '202209', 'ETP', 3),
('e49', '202209', 'KM', 502),
('e49', '202209', 'NUI', 3),
('e49', '202209', 'REP', 18),
('e5', '202009', 'ETP', 18),
('e5', '202009', 'KM', 480),
('e5', '202009', 'NUI', 3),
('e5', '202009', 'REP', 10),
('e5', '202010', 'ETP', 17),
('e5', '202010', 'KM', 664),
('e5', '202010', 'NUI', 11),
('e5', '202010', 'REP', 6),
('e5', '202011', 'ETP', 3),
('e5', '202011', 'KM', 775),
('e5', '202011', 'NUI', 15),
('e5', '202011', 'REP', 4),
('e5', '202012', 'ETP', 9),
('e5', '202012', 'KM', 570),
('e5', '202012', 'NUI', 17),
('e5', '202012', 'REP', 5),
('e5', '202101', 'ETP', 10),
('e5', '202101', 'KM', 946),
('e5', '202101', 'NUI', 18),
('e5', '202101', 'REP', 16),
('e5', '202102', 'ETP', 5),
('e5', '202102', 'KM', 762),
('e5', '202102', 'NUI', 6),
('e5', '202102', 'REP', 20),
('e5', '202103', 'ETP', 10),
('e5', '202103', 'KM', 694),
('e5', '202103', 'NUI', 14),
('e5', '202103', 'REP', 8),
('e5', '202104', 'ETP', 15),
('e5', '202104', 'KM', 479),
('e5', '202104', 'NUI', 11),
('e5', '202104', 'REP', 12),
('e5', '202105', 'ETP', 16),
('e5', '202105', 'KM', 446),
('e5', '202105', 'NUI', 16),
('e5', '202105', 'REP', 2),
('e5', '202106', 'ETP', 8),
('e5', '202106', 'KM', 749),
('e5', '202106', 'NUI', 10),
('e5', '202106', 'REP', 10),
('e5', '202107', 'ETP', 15),
('e5', '202107', 'KM', 409),
('e5', '202107', 'NUI', 10),
('e5', '202107', 'REP', 16),
('e5', '202108', 'ETP', 9),
('e5', '202108', 'KM', 791),
('e5', '202108', 'NUI', 14),
('e5', '202108', 'REP', 17),
('e5', '202109', 'ETP', 6),
('e5', '202109', 'KM', 894),
('e5', '202109', 'NUI', 6),
('e5', '202109', 'REP', 13),
('e5', '202110', 'ETP', 11),
('e5', '202110', 'KM', 723),
('e5', '202110', 'NUI', 15),
('e5', '202110', 'REP', 9),
('e5', '202111', 'ETP', 8),
('e5', '202111', 'KM', 800),
('e5', '202111', 'NUI', 10),
('e5', '202111', 'REP', 10),
('e5', '202112', 'ETP', 15),
('e5', '202112', 'KM', 609),
('e5', '202112', 'NUI', 15),
('e5', '202112', 'REP', 17),
('e5', '202201', 'ETP', 14),
('e5', '202201', 'KM', 547),
('e5', '202201', 'NUI', 20),
('e5', '202201', 'REP', 16),
('e5', '202202', 'ETP', 20),
('e5', '202202', 'KM', 614),
('e5', '202202', 'NUI', 16),
('e5', '202202', 'REP', 13),
('e5', '202203', 'ETP', 12),
('e5', '202203', 'KM', 484),
('e5', '202203', 'NUI', 14),
('e5', '202203', 'REP', 18),
('e5', '202204', 'ETP', 19),
('e5', '202204', 'KM', 391),
('e5', '202204', 'NUI', 16),
('e5', '202204', 'REP', 20),
('e5', '202205', 'ETP', 20),
('e5', '202205', 'KM', 765),
('e5', '202205', 'NUI', 11),
('e5', '202205', 'REP', 13),
('e5', '202206', 'ETP', 13),
('e5', '202206', 'KM', 918),
('e5', '202206', 'NUI', 9),
('e5', '202206', 'REP', 4),
('e5', '202207', 'ETP', 11),
('e5', '202207', 'KM', 345),
('e5', '202207', 'NUI', 7),
('e5', '202207', 'REP', 19),
('e5', '202208', 'ETP', 7),
('e5', '202208', 'KM', 921),
('e5', '202208', 'NUI', 18),
('e5', '202208', 'REP', 7),
('e5', '202209', 'ETP', 15),
('e5', '202209', 'KM', 887),
('e5', '202209', 'NUI', 15),
('e5', '202209', 'REP', 14),
('e52', '202009', 'ETP', 2),
('e52', '202009', 'KM', 669),
('e52', '202009', 'NUI', 18),
('e52', '202009', 'REP', 15),
('e52', '202010', 'ETP', 2),
('e52', '202010', 'KM', 355),
('e52', '202010', 'NUI', 8),
('e52', '202010', 'REP', 6),
('e52', '202011', 'ETP', 20),
('e52', '202011', 'KM', 620),
('e52', '202011', 'NUI', 4),
('e52', '202011', 'REP', 6),
('e52', '202012', 'ETP', 15),
('e52', '202012', 'KM', 419),
('e52', '202012', 'NUI', 6),
('e52', '202012', 'REP', 14),
('e52', '202101', 'ETP', 13),
('e52', '202101', 'KM', 505),
('e52', '202101', 'NUI', 9),
('e52', '202101', 'REP', 20),
('e52', '202102', 'ETP', 19),
('e52', '202102', 'KM', 521),
('e52', '202102', 'NUI', 9),
('e52', '202102', 'REP', 14),
('e52', '202103', 'ETP', 20),
('e52', '202103', 'KM', 882),
('e52', '202103', 'NUI', 15),
('e52', '202103', 'REP', 12),
('e52', '202104', 'ETP', 11),
('e52', '202104', 'KM', 823),
('e52', '202104', 'NUI', 13),
('e52', '202104', 'REP', 14),
('e52', '202105', 'ETP', 12),
('e52', '202105', 'KM', 405),
('e52', '202105', 'NUI', 15),
('e52', '202105', 'REP', 18),
('e52', '202106', 'ETP', 2),
('e52', '202106', 'KM', 965),
('e52', '202106', 'NUI', 10),
('e52', '202106', 'REP', 4),
('e52', '202107', 'ETP', 4),
('e52', '202107', 'KM', 733),
('e52', '202107', 'NUI', 8),
('e52', '202107', 'REP', 12),
('e52', '202108', 'ETP', 13),
('e52', '202108', 'KM', 944),
('e52', '202108', 'NUI', 17),
('e52', '202108', 'REP', 17),
('e52', '202109', 'ETP', 10),
('e52', '202109', 'KM', 444),
('e52', '202109', 'NUI', 17),
('e52', '202109', 'REP', 2),
('e52', '202110', 'ETP', 4),
('e52', '202110', 'KM', 420),
('e52', '202110', 'NUI', 16),
('e52', '202110', 'REP', 18),
('e52', '202111', 'ETP', 6),
('e52', '202111', 'KM', 664),
('e52', '202111', 'NUI', 9),
('e52', '202111', 'REP', 16),
('e52', '202112', 'ETP', 13),
('e52', '202112', 'KM', 693),
('e52', '202112', 'NUI', 12),
('e52', '202112', 'REP', 11),
('e52', '202201', 'ETP', 16),
('e52', '202201', 'KM', 968),
('e52', '202201', 'NUI', 19),
('e52', '202201', 'REP', 20),
('e52', '202202', 'ETP', 9),
('e52', '202202', 'KM', 596),
('e52', '202202', 'NUI', 11),
('e52', '202202', 'REP', 9),
('e52', '202203', 'ETP', 17),
('e52', '202203', 'KM', 588),
('e52', '202203', 'NUI', 12),
('e52', '202203', 'REP', 11),
('e52', '202204', 'ETP', 17),
('e52', '202204', 'KM', 749),
('e52', '202204', 'NUI', 4),
('e52', '202204', 'REP', 18),
('e52', '202205', 'ETP', 7),
('e52', '202205', 'KM', 408),
('e52', '202205', 'NUI', 7),
('e52', '202205', 'REP', 20),
('e52', '202206', 'ETP', 9),
('e52', '202206', 'KM', 302),
('e52', '202206', 'NUI', 3),
('e52', '202206', 'REP', 2),
('e52', '202207', 'ETP', 5),
('e52', '202207', 'KM', 666),
('e52', '202207', 'NUI', 9),
('e52', '202207', 'REP', 11),
('e52', '202208', 'ETP', 13),
('e52', '202208', 'KM', 723),
('e52', '202208', 'NUI', 2),
('e52', '202208', 'REP', 8),
('e52', '202209', 'ETP', 9),
('e52', '202209', 'KM', 410),
('e52', '202209', 'NUI', 18),
('e52', '202209', 'REP', 14),
('f21', '202009', 'ETP', 8),
('f21', '202009', 'KM', 973),
('f21', '202009', 'NUI', 11),
('f21', '202009', 'REP', 3),
('f21', '202010', 'ETP', 5),
('f21', '202010', 'KM', 739),
('f21', '202010', 'NUI', 5),
('f21', '202010', 'REP', 14),
('f21', '202011', 'ETP', 17),
('f21', '202011', 'KM', 676),
('f21', '202011', 'NUI', 14),
('f21', '202011', 'REP', 14),
('f21', '202012', 'ETP', 9),
('f21', '202012', 'KM', 544),
('f21', '202012', 'NUI', 19),
('f21', '202012', 'REP', 7),
('f21', '202101', 'ETP', 4),
('f21', '202101', 'KM', 463),
('f21', '202101', 'NUI', 10),
('f21', '202101', 'REP', 14),
('f21', '202102', 'ETP', 14),
('f21', '202102', 'KM', 546),
('f21', '202102', 'NUI', 19),
('f21', '202102', 'REP', 7),
('f21', '202103', 'ETP', 6),
('f21', '202103', 'KM', 926),
('f21', '202103', 'NUI', 2),
('f21', '202103', 'REP', 14),
('f21', '202104', 'ETP', 19),
('f21', '202104', 'KM', 728),
('f21', '202104', 'NUI', 20),
('f21', '202104', 'REP', 3),
('f21', '202105', 'ETP', 2),
('f21', '202105', 'KM', 526),
('f21', '202105', 'NUI', 15),
('f21', '202105', 'REP', 9),
('f21', '202106', 'ETP', 14),
('f21', '202106', 'KM', 842),
('f21', '202106', 'NUI', 11),
('f21', '202106', 'REP', 7),
('f21', '202107', 'ETP', 10),
('f21', '202107', 'KM', 680),
('f21', '202107', 'NUI', 11),
('f21', '202107', 'REP', 12),
('f21', '202108', 'ETP', 16),
('f21', '202108', 'KM', 884),
('f21', '202108', 'NUI', 3),
('f21', '202108', 'REP', 7),
('f21', '202109', 'ETP', 9),
('f21', '202109', 'KM', 418),
('f21', '202109', 'NUI', 9),
('f21', '202109', 'REP', 10),
('f21', '202110', 'ETP', 12),
('f21', '202110', 'KM', 987),
('f21', '202110', 'NUI', 2),
('f21', '202110', 'REP', 15),
('f21', '202111', 'ETP', 12),
('f21', '202111', 'KM', 356),
('f21', '202111', 'NUI', 15),
('f21', '202111', 'REP', 8),
('f21', '202112', 'ETP', 19),
('f21', '202112', 'KM', 878),
('f21', '202112', 'NUI', 3),
('f21', '202112', 'REP', 7),
('f21', '202201', 'ETP', 17),
('f21', '202201', 'KM', 607),
('f21', '202201', 'NUI', 20),
('f21', '202201', 'REP', 4),
('f21', '202202', 'ETP', 3),
('f21', '202202', 'KM', 456),
('f21', '202202', 'NUI', 6),
('f21', '202202', 'REP', 16),
('f21', '202203', 'ETP', 5),
('f21', '202203', 'KM', 582),
('f21', '202203', 'NUI', 2),
('f21', '202203', 'REP', 4),
('f21', '202204', 'ETP', 13),
('f21', '202204', 'KM', 985),
('f21', '202204', 'NUI', 2),
('f21', '202204', 'REP', 4),
('f21', '202205', 'ETP', 3),
('f21', '202205', 'KM', 539),
('f21', '202205', 'NUI', 9),
('f21', '202205', 'REP', 16),
('f21', '202206', 'ETP', 3),
('f21', '202206', 'KM', 884),
('f21', '202206', 'NUI', 2),
('f21', '202206', 'REP', 5),
('f21', '202207', 'ETP', 6),
('f21', '202207', 'KM', 639),
('f21', '202207', 'NUI', 8),
('f21', '202207', 'REP', 20),
('f21', '202208', 'ETP', 16),
('f21', '202208', 'KM', 394),
('f21', '202208', 'NUI', 15),
('f21', '202208', 'REP', 10),
('f21', '202209', 'ETP', 19),
('f21', '202209', 'KM', 706),
('f21', '202209', 'NUI', 19),
('f21', '202209', 'REP', 16),
('f39', '202009', 'ETP', 8),
('f39', '202009', 'KM', 806),
('f39', '202009', 'NUI', 20),
('f39', '202009', 'REP', 15),
('f39', '202010', 'ETP', 13),
('f39', '202010', 'KM', 361),
('f39', '202010', 'NUI', 6),
('f39', '202010', 'REP', 3),
('f39', '202011', 'ETP', 16),
('f39', '202011', 'KM', 990),
('f39', '202011', 'NUI', 19),
('f39', '202011', 'REP', 4),
('f39', '202012', 'ETP', 9),
('f39', '202012', 'KM', 643),
('f39', '202012', 'NUI', 5),
('f39', '202012', 'REP', 8),
('f39', '202101', 'ETP', 16),
('f39', '202101', 'KM', 700),
('f39', '202101', 'NUI', 11),
('f39', '202101', 'REP', 13),
('f39', '202102', 'ETP', 8),
('f39', '202102', 'KM', 503),
('f39', '202102', 'NUI', 6),
('f39', '202102', 'REP', 19),
('f39', '202103', 'ETP', 8),
('f39', '202103', 'KM', 739),
('f39', '202103', 'NUI', 8),
('f39', '202103', 'REP', 10),
('f39', '202104', 'ETP', 15),
('f39', '202104', 'KM', 866),
('f39', '202104', 'NUI', 7),
('f39', '202104', 'REP', 7),
('f39', '202105', 'ETP', 2),
('f39', '202105', 'KM', 641),
('f39', '202105', 'NUI', 3),
('f39', '202105', 'REP', 20),
('f39', '202106', 'ETP', 12),
('f39', '202106', 'KM', 726),
('f39', '202106', 'NUI', 13),
('f39', '202106', 'REP', 2),
('f39', '202107', 'ETP', 14),
('f39', '202107', 'KM', 951),
('f39', '202107', 'NUI', 7),
('f39', '202107', 'REP', 12),
('f39', '202108', 'ETP', 16),
('f39', '202108', 'KM', 376),
('f39', '202108', 'NUI', 14),
('f39', '202108', 'REP', 18),
('f39', '202109', 'ETP', 13),
('f39', '202109', 'KM', 535),
('f39', '202109', 'NUI', 18),
('f39', '202109', 'REP', 12),
('f39', '202110', 'ETP', 16),
('f39', '202110', 'KM', 647),
('f39', '202110', 'NUI', 11),
('f39', '202110', 'REP', 8),
('f39', '202111', 'ETP', 12),
('f39', '202111', 'KM', 420),
('f39', '202111', 'NUI', 8),
('f39', '202111', 'REP', 16),
('f39', '202112', 'ETP', 10),
('f39', '202112', 'KM', 855),
('f39', '202112', 'NUI', 17),
('f39', '202112', 'REP', 18),
('f39', '202201', 'ETP', 5),
('f39', '202201', 'KM', 763),
('f39', '202201', 'NUI', 7),
('f39', '202201', 'REP', 8),
('f39', '202202', 'ETP', 11),
('f39', '202202', 'KM', 531),
('f39', '202202', 'NUI', 11),
('f39', '202202', 'REP', 7),
('f39', '202203', 'ETP', 5),
('f39', '202203', 'KM', 421),
('f39', '202203', 'NUI', 5),
('f39', '202203', 'REP', 6),
('f39', '202204', 'ETP', 6),
('f39', '202204', 'KM', 737),
('f39', '202204', 'NUI', 13),
('f39', '202204', 'REP', 15),
('f39', '202205', 'ETP', 16),
('f39', '202205', 'KM', 602),
('f39', '202205', 'NUI', 6),
('f39', '202205', 'REP', 6),
('f39', '202206', 'ETP', 12),
('f39', '202206', 'KM', 712),
('f39', '202206', 'NUI', 20),
('f39', '202206', 'REP', 11),
('f39', '202207', 'ETP', 14),
('f39', '202207', 'KM', 640),
('f39', '202207', 'NUI', 15),
('f39', '202207', 'REP', 7),
('f39', '202208', 'ETP', 6),
('f39', '202208', 'KM', 738),
('f39', '202208', 'NUI', 8),
('f39', '202208', 'REP', 18),
('f39', '202209', 'ETP', 3),
('f39', '202209', 'KM', 302),
('f39', '202209', 'NUI', 19),
('f39', '202209', 'REP', 12),
('f4', '202009', 'ETP', 10),
('f4', '202009', 'KM', 932),
('f4', '202009', 'NUI', 18),
('f4', '202009', 'REP', 9),
('f4', '202010', 'ETP', 7),
('f4', '202010', 'KM', 897),
('f4', '202010', 'NUI', 11),
('f4', '202010', 'REP', 9),
('f4', '202011', 'ETP', 2),
('f4', '202011', 'KM', 364),
('f4', '202011', 'NUI', 6),
('f4', '202011', 'REP', 14),
('f4', '202012', 'ETP', 18),
('f4', '202012', 'KM', 999),
('f4', '202012', 'NUI', 17),
('f4', '202012', 'REP', 6),
('f4', '202101', 'ETP', 20),
('f4', '202101', 'KM', 359),
('f4', '202101', 'NUI', 17),
('f4', '202101', 'REP', 10),
('f4', '202102', 'ETP', 13),
('f4', '202102', 'KM', 509),
('f4', '202102', 'NUI', 10),
('f4', '202102', 'REP', 20),
('f4', '202103', 'ETP', 13),
('f4', '202103', 'KM', 991),
('f4', '202103', 'NUI', 8),
('f4', '202103', 'REP', 6),
('f4', '202104', 'ETP', 15),
('f4', '202104', 'KM', 770),
('f4', '202104', 'NUI', 9),
('f4', '202104', 'REP', 13),
('f4', '202105', 'ETP', 8),
('f4', '202105', 'KM', 850),
('f4', '202105', 'NUI', 14),
('f4', '202105', 'REP', 12),
('f4', '202106', 'ETP', 16),
('f4', '202106', 'KM', 442),
('f4', '202106', 'NUI', 5),
('f4', '202106', 'REP', 10),
('f4', '202107', 'ETP', 5),
('f4', '202107', 'KM', 512),
('f4', '202107', 'NUI', 9),
('f4', '202107', 'REP', 4),
('f4', '202108', 'ETP', 2),
('f4', '202108', 'KM', 629),
('f4', '202108', 'NUI', 13),
('f4', '202108', 'REP', 2),
('f4', '202109', 'ETP', 10),
('f4', '202109', 'KM', 808),
('f4', '202109', 'NUI', 16),
('f4', '202109', 'REP', 3),
('f4', '202110', 'ETP', 15),
('f4', '202110', 'KM', 847),
('f4', '202110', 'NUI', 15),
('f4', '202110', 'REP', 3),
('f4', '202111', 'ETP', 19),
('f4', '202111', 'KM', 560),
('f4', '202111', 'NUI', 20),
('f4', '202111', 'REP', 20),
('f4', '202112', 'ETP', 16),
('f4', '202112', 'KM', 320),
('f4', '202112', 'NUI', 3),
('f4', '202112', 'REP', 14),
('f4', '202201', 'ETP', 4),
('f4', '202201', 'KM', 421),
('f4', '202201', 'NUI', 14),
('f4', '202201', 'REP', 12),
('f4', '202202', 'ETP', 7),
('f4', '202202', 'KM', 762),
('f4', '202202', 'NUI', 7),
('f4', '202202', 'REP', 12),
('f4', '202203', 'ETP', 20),
('f4', '202203', 'KM', 318),
('f4', '202203', 'NUI', 11),
('f4', '202203', 'REP', 19),
('f4', '202204', 'ETP', 20),
('f4', '202204', 'KM', 544),
('f4', '202204', 'NUI', 2),
('f4', '202204', 'REP', 12),
('f4', '202205', 'ETP', 3),
('f4', '202205', 'KM', 514),
('f4', '202205', 'NUI', 19),
('f4', '202205', 'REP', 19),
('f4', '202206', 'ETP', 18),
('f4', '202206', 'KM', 801),
('f4', '202206', 'NUI', 16),
('f4', '202206', 'REP', 11),
('f4', '202207', 'ETP', 10),
('f4', '202207', 'KM', 963),
('f4', '202207', 'NUI', 16),
('f4', '202207', 'REP', 13),
('f4', '202208', 'ETP', 18),
('f4', '202208', 'KM', 932),
('f4', '202208', 'NUI', 16),
('f4', '202208', 'REP', 7),
('f4', '202209', 'ETP', 7),
('f4', '202209', 'KM', 996),
('f4', '202209', 'NUI', 3),
('f4', '202209', 'REP', 13);

-- --------------------------------------------------------

--
-- Structure de la table `lignefraishorsforfait`
--

DROP TABLE IF EXISTS `lignefraishorsforfait`;
CREATE TABLE IF NOT EXISTS `lignefraishorsforfait` (
  `id` int NOT NULL AUTO_INCREMENT,
  `idvisiteur` char(4) NOT NULL,
  `mois` char(6) NOT NULL,
  `libelle` varchar(100) DEFAULT NULL,
  `date` date DEFAULT NULL,
  `montant` decimal(10,2) DEFAULT NULL,
  PRIMARY KEY (`id`),
  KEY `idvisiteur` (`idvisiteur`,`mois`)
) ENGINE=InnoDB AUTO_INCREMENT=2392 DEFAULT CHARSET=utf8mb4 COLLATE=utf8mb4_0900_ai_ci;

--
-- Déchargement des données de la table `lignefraishorsforfait`
--

INSERT INTO `lignefraishorsforfait` (`id`, `idvisiteur`, `mois`, `libelle`, `date`, `montant`) VALUES
(1, 'a131', '202009', 'Achat d\'espace publicitaire', '2020-09-09', '69.00'),
(2, 'a131', '202009', 'Traiteur, alimentation, boisson', '2020-09-28', '299.00'),
(3, 'a131', '202009', 'Location salle conférence', '2020-09-12', '491.00'),
(4, 'a131', '202009', 'Taxi', '2020-09-19', '26.00'),
(5, 'a131', '202009', 'Traiteur, alimentation, boisson', '2020-09-14', '209.00'),
(6, 'a131', '202010', 'Location salle conférence', '2020-10-19', '506.00'),
(7, 'a131', '202010', 'Traiteur, alimentation, boisson', '2020-10-17', '163.00'),
(8, 'a131', '202010', 'Repas avec praticien', '2020-10-25', '40.00'),
(9, 'a131', '202010', 'Traiteur, alimentation, boisson', '2020-10-05', '64.00'),
(10, 'a131', '202011', 'Location véhicule', '2020-11-02', '136.00'),
(11, 'a131', '202011', 'Taxi', '2020-11-28', '21.00'),
(12, 'a131', '202011', 'Voyage SNCF', '2020-11-11', '143.00'),
(13, 'a131', '202012', 'Rémunération intervenant/spécialiste', '2020-12-09', '411.00'),
(14, 'a131', '202012', 'Traiteur, alimentation, boisson', '2020-12-23', '312.00'),
(15, 'a131', '202012', 'Repas avec praticien', '2020-12-04', '34.00'),
(16, 'a131', '202012', 'Rémunération intervenant/spécialiste', '2020-12-05', '363.00'),
(17, 'a131', '202101', 'Achat d\'espace publicitaire', '2021-01-15', '29.00'),
(18, 'a131', '202101', 'Location véhicule', '2021-01-28', '256.00'),
(19, 'a131', '202101', 'Taxi', '2021-01-21', '22.00'),
(20, 'a131', '202101', 'Voyage SNCF', '2021-01-16', '101.00'),
(21, 'a131', '202101', 'Voyage SNCF', '2021-01-25', '32.00'),
(22, 'a131', '202102', 'Achat de matériel de papeterie', '2021-02-06', '15.00'),
(23, 'a131', '202102', 'Location véhicule', '2021-02-15', '153.00'),
(24, 'a131', '202103', 'Voyage SNCF', '2021-03-23', '81.00'),
(25, 'a131', '202104', 'Achat d\'espace publicitaire', '2021-04-20', '39.00'),
(26, 'a131', '202104', 'Traiteur, alimentation, boisson', '2021-04-15', '58.00'),
(27, 'a131', '202104', 'Achat d\'espace publicitaire', '2021-04-14', '148.00'),
(28, 'a131', '202105', 'Rémunération intervenant/spécialiste', '2021-05-01', '1174.00'),
(29, 'a131', '202105', 'Taxi', '2021-05-25', '73.00'),
(30, 'a131', '202106', 'Voyage SNCF', '2021-06-16', '123.00'),
(31, 'a131', '202106', 'Location équipement vidéo/sonore', '2021-06-13', '849.00'),
(32, 'a131', '202106', 'Location salle conférence', '2021-06-14', '557.00'),
(33, 'a131', '202106', 'Location véhicule', '2021-06-06', '81.00'),
(34, 'a131', '202106', 'Frais vestimentaire/représentation', '2021-06-20', '383.00'),
(35, 'a131', '202107', 'Rémunération intervenant/spécialiste', '2021-07-07', '1200.00'),
(36, 'a131', '202107', 'Achat de matériel de papeterie', '2021-07-25', '34.00'),
(37, 'a131', '202107', 'Rémunération intervenant/spécialiste', '2021-07-12', '300.00'),
(38, 'a131', '202107', 'Location véhicule', '2021-07-17', '245.00'),
(39, 'a131', '202108', 'Location véhicule', '2021-08-12', '161.00'),
(40, 'a131', '202108', 'Location véhicule', '2021-08-20', '363.00'),
(41, 'a131', '202108', 'Achat de matériel de papeterie', '2021-08-10', '41.00'),
(42, 'a131', '202109', 'Voyage SNCF', '2021-09-02', '142.00'),
(43, 'a131', '202109', 'Frais vestimentaire/représentation', '2021-09-03', '158.00'),
(44, 'a131', '202109', 'Location équipement vidéo/sonore', '2021-09-23', '799.00'),
(45, 'a131', '202109', 'Achat d\'espace publicitaire', '2021-09-08', '88.00'),
(46, 'a131', '202110', 'Location véhicule', '2021-10-08', '149.00'),
(47, 'a131', '202111', 'Frais vestimentaire/représentation', '2021-11-22', '349.00'),
(48, 'a131', '202111', 'Taxi', '2021-11-21', '75.00'),
(49, 'a131', '202111', 'Location véhicule', '2021-11-08', '122.00'),
(50, 'a131', '202111', 'Traiteur, alimentation, boisson', '2021-11-08', '295.00'),
(51, 'a131', '202111', 'Frais vestimentaire/représentation', '2021-11-23', '115.00'),
(52, 'a131', '202112', 'Frais vestimentaire/représentation', '2021-12-16', '157.00'),
(53, 'a131', '202112', 'Repas avec praticien', '2021-12-25', '42.00'),
(54, 'a131', '202112', 'Rémunération intervenant/spécialiste', '2021-12-10', '785.00'),
(55, 'a131', '202112', 'Rémunération intervenant/spécialiste', '2021-12-28', '897.00'),
(56, 'a131', '202201', 'Location équipement vidéo/sonore', '2022-01-16', '492.00'),
(57, 'a131', '202201', 'Repas avec praticien', '2022-01-06', '38.00'),
(58, 'a131', '202201', 'Voyage SNCF', '2022-01-27', '82.00'),
(59, 'a131', '202202', 'Location salle conférence', '2022-02-19', '331.00'),
(60, 'a131', '202202', 'Location salle conférence', '2022-02-17', '124.00'),
(61, 'a131', '202202', 'Achat d\'espace publicitaire', '2022-02-03', '42.00'),
(62, 'a131', '202202', 'Location salle conférence', '2022-02-22', '129.00'),
(63, 'a131', '202202', 'Location équipement vidéo/sonore', '2022-02-08', '598.00'),
(64, 'a131', '202203', 'Traiteur, alimentation, boisson', '2022-03-25', '422.00'),
(65, 'a131', '202203', 'Voyage SNCF', '2022-03-03', '81.00'),
(66, 'a131', '202203', 'Achat d\'espace publicitaire', '2022-03-11', '106.00'),
(67, 'a131', '202203', 'Traiteur, alimentation, boisson', '2022-03-12', '280.00'),
(68, 'a131', '202203', 'Rémunération intervenant/spécialiste', '2022-03-22', '1199.00'),
(69, 'a131', '202203', 'Rémunération intervenant/spécialiste', '2022-03-09', '645.00'),
(70, 'a131', '202204', 'Location véhicule', '2022-04-07', '69.00'),
(71, 'a131', '202204', 'Location salle conférence', '2022-04-20', '328.00'),
(72, 'a131', '202204', 'Location équipement vidéo/sonore', '2022-04-11', '381.00'),
(73, 'a131', '202204', 'Achat d\'espace publicitaire', '2022-04-04', '96.00'),
(74, 'a131', '202204', 'Location salle conférence', '2022-04-02', '570.00'),
(75, 'a131', '202204', 'Frais vestimentaire/représentation', '2022-04-20', '329.00'),
(76, 'a131', '202205', 'Location véhicule', '2022-05-01', '314.00'),
(77, 'a131', '202205', 'Achat de matériel de papeterie', '2022-05-06', '24.00'),
(78, 'a131', '202205', 'Repas avec praticien', '2022-05-10', '40.00'),
(79, 'a131', '202205', 'Rémunération intervenant/spécialiste', '2022-05-18', '548.00'),
(80, 'a131', '202205', 'Achat d\'espace publicitaire', '2022-05-26', '93.00'),
(81, 'a131', '202205', 'Achat d\'espace publicitaire', '2022-05-04', '99.00'),
(82, 'a131', '202206', 'Frais vestimentaire/représentation', '2022-06-28', '281.00'),
(83, 'a131', '202206', 'Location équipement vidéo/sonore', '2022-06-22', '486.00'),
(84, 'a131', '202206', 'Rémunération intervenant/spécialiste', '2022-06-28', '934.00'),
(85, 'a131', '202206', 'Achat de matériel de papeterie', '2022-06-19', '22.00'),
(86, 'a131', '202206', 'Location équipement vidéo/sonore', '2022-06-13', '148.00'),
(87, 'a131', '202206', 'Achat de matériel de papeterie', '2022-06-27', '22.00'),
(88, 'a131', '202207', 'Achat d\'espace publicitaire', '2022-07-13', '148.00'),
(89, 'a131', '202207', 'Achat d\'espace publicitaire', '2022-07-14', '126.00'),
(90, 'a131', '202207', 'Rémunération intervenant/spécialiste', '2022-07-17', '1165.00'),
(91, 'a131', '202207', 'Location salle conférence', '2022-07-25', '505.00'),
(92, 'a131', '202207', 'Achat d\'espace publicitaire', '2022-07-10', '45.00'),
(93, 'a131', '202207', 'Voyage SNCF', '2022-07-26', '137.00'),
(94, 'a131', '202208', 'Voyage SNCF', '2022-08-08', '131.00'),
(95, 'a131', '202208', 'Location véhicule', '2022-08-13', '70.00'),
(96, 'a131', '202208', 'Repas avec praticien', '2022-08-21', '45.00'),
(97, 'a131', '202208', 'Traiteur, alimentation, boisson', '2022-08-01', '76.00'),
(98, 'a131', '202209', 'Location équipement vidéo/sonore', '2022-09-04', '484.00'),
(99, 'a131', '202209', 'Voyage SNCF', '2022-09-28', '50.00'),
(100, 'a17', '202009', 'Location salle conférence', '2020-09-17', '615.00'),
(101, 'a17', '202009', 'Location salle conférence', '2020-09-07', '248.00'),
(102, 'a17', '202009', 'Location salle conférence', '2020-09-05', '204.00'),
(103, 'a17', '202009', 'Rémunération intervenant/spécialiste', '2020-09-01', '263.00'),
(104, 'a17', '202010', 'Achat d\'espace publicitaire', '2020-10-20', '126.00'),
(105, 'a17', '202010', 'Taxi', '2020-10-27', '50.00'),
(106, 'a17', '202011', 'Traiteur, alimentation, boisson', '2020-11-08', '228.00'),
(107, 'a17', '202011', 'Achat de matériel de papeterie', '2020-11-11', '19.00'),
(108, 'a17', '202012', 'Achat d\'espace publicitaire', '2020-12-24', '36.00'),
(109, 'a17', '202012', 'Frais vestimentaire/représentation', '2020-12-14', '409.00'),
(110, 'a17', '202012', 'Frais vestimentaire/représentation', '2020-12-01', '30.00'),
(111, 'a17', '202012', 'Traiteur, alimentation, boisson', '2020-12-16', '254.00'),
(112, 'a17', '202012', 'Rémunération intervenant/spécialiste', '2020-12-23', '456.00'),
(113, 'a17', '202012', 'Achat d\'espace publicitaire', '2020-12-27', '114.00'),
(114, 'a17', '202101', 'Location véhicule', '2021-01-28', '131.00'),
(115, 'a17', '202101', 'Traiteur, alimentation, boisson', '2021-01-12', '342.00'),
(116, 'a17', '202101', 'Frais vestimentaire/représentation', '2021-01-28', '384.00'),
(117, 'a17', '202101', 'Taxi', '2021-01-26', '24.00'),
(118, 'a17', '202101', 'Frais vestimentaire/représentation', '2021-01-06', '281.00'),
(119, 'a17', '202102', 'Location équipement vidéo/sonore', '2021-02-15', '466.00'),
(120, 'a17', '202102', 'Voyage SNCF', '2021-02-27', '34.00'),
(121, 'a17', '202103', 'Achat d\'espace publicitaire', '2021-03-27', '44.00'),
(122, 'a17', '202103', 'Traiteur, alimentation, boisson', '2021-03-21', '313.00'),
(123, 'a17', '202103', 'Voyage SNCF', '2021-03-27', '134.00'),
(124, 'a17', '202103', 'Taxi', '2021-03-22', '56.00'),
(125, 'a17', '202103', 'Repas avec praticien', '2021-03-14', '34.00'),
(126, 'a17', '202104', 'Location véhicule', '2021-04-28', '403.00'),
(127, 'a17', '202104', 'Voyage SNCF', '2021-04-25', '118.00'),
(128, 'a17', '202104', 'Taxi', '2021-04-18', '41.00'),
(129, 'a17', '202104', 'Location véhicule', '2021-04-24', '245.00'),
(130, 'a17', '202104', 'Frais vestimentaire/représentation', '2021-04-11', '128.00'),
(131, 'a17', '202105', 'Traiteur, alimentation, boisson', '2021-05-18', '310.00'),
(132, 'a17', '202105', 'Frais vestimentaire/représentation', '2021-05-12', '303.00'),
(133, 'a17', '202105', 'Location salle conférence', '2021-05-27', '313.00'),
(134, 'a17', '202105', 'Voyage SNCF', '2021-05-21', '136.00'),
(135, 'a17', '202105', 'Repas avec praticien', '2021-05-06', '40.00'),
(136, 'a17', '202106', 'Achat de matériel de papeterie', '2021-06-05', '21.00'),
(137, 'a17', '202107', 'Location véhicule', '2021-07-18', '59.00'),
(138, 'a17', '202107', 'Taxi', '2021-07-11', '46.00'),
(139, 'a17', '202107', 'Location équipement vidéo/sonore', '2021-07-24', '338.00'),
(140, 'a17', '202107', 'Achat d\'espace publicitaire', '2021-07-18', '40.00'),
(141, 'a17', '202107', 'Repas avec praticien', '2021-07-23', '30.00'),
(142, 'a17', '202107', 'Voyage SNCF', '2021-07-23', '143.00'),
(143, 'a17', '202108', 'Achat d\'espace publicitaire', '2021-08-24', '97.00'),
(144, 'a17', '202108', 'Repas avec praticien', '2021-08-27', '48.00'),
(145, 'a17', '202108', 'Location véhicule', '2021-08-28', '339.00'),
(146, 'a17', '202108', 'Repas avec praticien', '2021-08-24', '38.00'),
(147, 'a17', '202109', 'Repas avec praticien', '2021-09-21', '33.00'),
(148, 'a17', '202109', 'Traiteur, alimentation, boisson', '2021-09-09', '337.00'),
(149, 'a17', '202109', 'Achat d\'espace publicitaire', '2021-09-23', '106.00'),
(150, 'a17', '202109', 'Repas avec praticien', '2021-09-01', '35.00'),
(151, 'a17', '202110', 'Frais vestimentaire/représentation', '2021-10-18', '253.00'),
(152, 'a17', '202110', 'Achat d\'espace publicitaire', '2021-10-07', '134.00'),
(153, 'a17', '202111', 'Location salle conférence', '2021-11-17', '154.00'),
(154, 'a17', '202111', 'Location salle conférence', '2021-11-15', '377.00'),
(155, 'a17', '202112', 'Taxi', '2021-12-17', '31.00'),
(156, 'a17', '202112', 'Frais vestimentaire/représentation', '2021-12-07', '82.00'),
(157, 'a17', '202112', 'Repas avec praticien', '2021-12-05', '46.00'),
(158, 'a17', '202112', 'Achat de matériel de papeterie', '2021-12-06', '36.00'),
(159, 'a17', '202112', 'Voyage SNCF', '2021-12-18', '61.00'),
(160, 'a17', '202112', 'Rémunération intervenant/spécialiste', '2021-12-07', '1062.00'),
(161, 'a17', '202201', 'Voyage SNCF', '2022-01-10', '92.00'),
(162, 'a17', '202202', 'Traiteur, alimentation, boisson', '2022-02-21', '243.00'),
(163, 'a17', '202203', 'Achat de matériel de papeterie', '2022-03-26', '40.00'),
(164, 'a17', '202203', 'Traiteur, alimentation, boisson', '2022-03-25', '158.00'),
(165, 'a17', '202203', 'Location équipement vidéo/sonore', '2022-03-13', '207.00'),
(166, 'a17', '202203', 'Taxi', '2022-03-16', '53.00'),
(167, 'a17', '202204', 'Taxi', '2022-04-12', '63.00'),
(168, 'a17', '202204', 'Achat d\'espace publicitaire', '2022-04-11', '114.00'),
(169, 'a17', '202204', 'Repas avec praticien', '2022-04-20', '34.00'),
(170, 'a17', '202204', 'Location véhicule', '2022-04-23', '67.00'),
(171, 'a17', '202204', 'Traiteur, alimentation, boisson', '2022-04-26', '377.00'),
(172, 'a17', '202205', 'Achat de matériel de papeterie', '2022-05-28', '11.00'),
(173, 'a17', '202205', 'Frais vestimentaire/représentation', '2022-05-05', '222.00'),
(174, 'a17', '202205', 'Repas avec praticien', '2022-05-22', '39.00'),
(175, 'a17', '202205', 'Taxi', '2022-05-07', '22.00'),
(176, 'a17', '202205', 'Rémunération intervenant/spécialiste', '2022-05-23', '1067.00'),
(177, 'a17', '202205', 'Achat de matériel de papeterie', '2022-05-24', '25.00'),
(178, 'a17', '202206', 'Achat d\'espace publicitaire', '2022-06-21', '96.00'),
(179, 'a17', '202206', 'Voyage SNCF', '2022-06-21', '141.00'),
(180, 'a17', '202206', 'Voyage SNCF', '2022-06-19', '32.00'),
(181, 'a17', '202206', 'Location véhicule', '2022-06-01', '80.00'),
(182, 'a17', '202207', 'Traiteur, alimentation, boisson', '2022-07-06', '49.00'),
(183, 'a17', '202207', 'Voyage SNCF', '2022-07-11', '103.00'),
(184, 'a17', '202207', 'Voyage SNCF', '2022-07-26', '109.00'),
(185, 'a17', '202207', 'Location équipement vidéo/sonore', '2022-07-10', '737.00'),
(186, 'a17', '202208', 'Location salle conférence', '2022-08-01', '603.00'),
(187, 'a17', '202208', 'Location équipement vidéo/sonore', '2022-08-07', '303.00'),
(188, 'a17', '202208', 'Traiteur, alimentation, boisson', '2022-08-01', '368.00'),
(189, 'a17', '202208', 'Repas avec praticien', '2022-08-19', '33.00'),
(190, 'a17', '202209', 'Achat de matériel de papeterie', '2022-09-21', '48.00'),
(191, 'a17', '202209', 'Taxi', '2022-09-25', '73.00'),
(192, 'a17', '202209', 'Location salle conférence', '2022-09-23', '526.00'),
(193, 'a17', '202209', 'Location véhicule', '2022-09-22', '38.00'),
(194, 'a17', '202209', 'Taxi', '2022-09-07', '26.00'),
(195, 'a55', '202009', 'Location salle conférence', '2020-09-11', '520.00'),
(196, 'a55', '202009', 'Achat d\'espace publicitaire', '2020-09-18', '42.00'),
(197, 'a55', '202009', 'Traiteur, alimentation, boisson', '2020-09-25', '265.00'),
(198, 'a55', '202010', 'Location salle conférence', '2020-10-20', '314.00'),
(199, 'a55', '202010', 'Frais vestimentaire/représentation', '2020-10-11', '249.00'),
(200, 'a55', '202010', 'Location salle conférence', '2020-10-18', '183.00'),
(201, 'a55', '202011', 'Frais vestimentaire/représentation', '2020-11-11', '348.00'),
(202, 'a55', '202011', 'Frais vestimentaire/représentation', '2020-11-09', '292.00'),
(203, 'a55', '202011', 'Frais vestimentaire/représentation', '2020-11-22', '261.00'),
(204, 'a55', '202011', 'Achat de matériel de papeterie', '2020-11-22', '45.00'),
(205, 'a55', '202011', 'Location véhicule', '2020-11-08', '341.00'),
(206, 'a55', '202011', 'Frais vestimentaire/représentation', '2020-11-27', '376.00'),
(207, 'a55', '202012', 'Taxi', '2020-12-06', '28.00'),
(208, 'a55', '202012', 'Voyage SNCF', '2020-12-17', '112.00'),
(209, 'a55', '202012', 'Taxi', '2020-12-06', '72.00'),
(210, 'a55', '202012', 'Taxi', '2020-12-03', '57.00'),
(211, 'a55', '202012', 'Achat de matériel de papeterie', '2020-12-11', '41.00'),
(212, 'a55', '202101', 'Location véhicule', '2021-01-05', '123.00'),
(213, 'a55', '202101', 'Taxi', '2021-01-28', '32.00'),
(214, 'a55', '202101', 'Repas avec praticien', '2021-01-01', '39.00'),
(215, 'a55', '202101', 'Repas avec praticien', '2021-01-20', '32.00'),
(216, 'a55', '202101', 'Repas avec praticien', '2021-01-05', '45.00'),
(217, 'a55', '202102', 'Achat de matériel de papeterie', '2021-02-11', '44.00'),
(218, 'a55', '202102', 'Location salle conférence', '2021-02-08', '238.00'),
(219, 'a55', '202103', 'Traiteur, alimentation, boisson', '2021-03-04', '120.00'),
(220, 'a55', '202104', 'Location salle conférence', '2021-04-23', '306.00'),
(221, 'a55', '202104', 'Location équipement vidéo/sonore', '2021-04-24', '412.00'),
(222, 'a55', '202104', 'Traiteur, alimentation, boisson', '2021-04-12', '323.00'),
(223, 'a55', '202104', 'Location véhicule', '2021-04-05', '399.00'),
(224, 'a55', '202105', 'Achat de matériel de papeterie', '2021-05-09', '45.00'),
(225, 'a55', '202105', 'Taxi', '2021-05-11', '22.00'),
(226, 'a55', '202105', 'Repas avec praticien', '2021-05-10', '40.00'),
(227, 'a55', '202106', 'Voyage SNCF', '2021-06-01', '83.00'),
(228, 'a55', '202106', 'Location équipement vidéo/sonore', '2021-06-05', '560.00'),
(229, 'a55', '202106', 'Taxi', '2021-06-10', '78.00'),
(230, 'a55', '202106', 'Repas avec praticien', '2021-06-03', '47.00'),
(231, 'a55', '202106', 'Location salle conférence', '2021-06-12', '278.00'),
(232, 'a55', '202106', 'Taxi', '2021-06-20', '67.00'),
(233, 'a55', '202107', 'Location équipement vidéo/sonore', '2021-07-06', '424.00'),
(234, 'a55', '202107', 'Taxi', '2021-07-05', '22.00'),
(235, 'a55', '202107', 'Traiteur, alimentation, boisson', '2021-07-08', '54.00'),
(236, 'a55', '202108', 'Voyage SNCF', '2021-08-23', '97.00'),
(237, 'a55', '202108', 'Achat de matériel de papeterie', '2021-08-18', '49.00'),
(238, 'a55', '202108', 'Location véhicule', '2021-08-16', '221.00'),
(239, 'a55', '202109', 'Achat de matériel de papeterie', '2021-09-03', '34.00'),
(240, 'a55', '202109', 'Location équipement vidéo/sonore', '2021-09-14', '526.00'),
(241, 'a55', '202109', 'Achat de matériel de papeterie', '2021-09-09', '37.00'),
(242, 'a55', '202109', 'Frais vestimentaire/représentation', '2021-09-04', '353.00'),
(243, 'a55', '202109', 'Location véhicule', '2021-09-13', '367.00'),
(244, 'a55', '202110', 'Voyage SNCF', '2021-10-19', '98.00'),
(245, 'a55', '202110', 'Location véhicule', '2021-10-23', '289.00'),
(246, 'a55', '202110', 'Location équipement vidéo/sonore', '2021-10-20', '689.00'),
(247, 'a55', '202110', 'Location véhicule', '2021-10-25', '333.00'),
(248, 'a55', '202110', 'Achat de matériel de papeterie', '2021-10-10', '20.00'),
(249, 'a55', '202111', 'Location véhicule', '2021-11-13', '179.00'),
(250, 'a55', '202111', 'Location équipement vidéo/sonore', '2021-11-07', '825.00'),
(251, 'a55', '202111', 'Achat d\'espace publicitaire', '2021-11-11', '98.00'),
(252, 'a55', '202111', 'Traiteur, alimentation, boisson', '2021-11-08', '335.00'),
(253, 'a55', '202111', 'Rémunération intervenant/spécialiste', '2021-11-09', '306.00'),
(254, 'a55', '202111', 'Location salle conférence', '2021-11-14', '364.00'),
(255, 'a55', '202112', 'Taxi', '2021-12-28', '79.00'),
(256, 'a55', '202112', 'Voyage SNCF', '2021-12-01', '38.00'),
(257, 'a55', '202112', 'Traiteur, alimentation, boisson', '2021-12-20', '81.00'),
(258, 'a55', '202112', 'Location véhicule', '2021-12-06', '127.00'),
(259, 'a55', '202201', 'Frais vestimentaire/représentation', '2022-01-03', '348.00'),
(260, 'a55', '202201', 'Voyage SNCF', '2022-01-11', '59.00'),
(261, 'a55', '202201', 'Achat de matériel de papeterie', '2022-01-12', '50.00'),
(262, 'a55', '202201', 'Achat d\'espace publicitaire', '2022-01-26', '139.00'),
(263, 'a55', '202201', 'Location véhicule', '2022-01-10', '333.00'),
(264, 'a55', '202202', 'Voyage SNCF', '2022-02-27', '48.00'),
(265, 'a55', '202202', 'Frais vestimentaire/représentation', '2022-02-02', '174.00'),
(266, 'a55', '202202', 'Achat de matériel de papeterie', '2022-02-09', '40.00'),
(267, 'a55', '202202', 'Location véhicule', '2022-02-21', '116.00'),
(268, 'a55', '202203', 'Achat de matériel de papeterie', '2022-03-12', '12.00'),
(269, 'a55', '202203', 'Location équipement vidéo/sonore', '2022-03-10', '613.00'),
(270, 'a55', '202203', 'Achat d\'espace publicitaire', '2022-03-17', '100.00'),
(271, 'a55', '202203', 'Location salle conférence', '2022-03-23', '357.00'),
(272, 'a55', '202204', 'Achat de matériel de papeterie', '2022-04-11', '34.00'),
(273, 'a55', '202204', 'Traiteur, alimentation, boisson', '2022-04-16', '429.00'),
(274, 'a55', '202204', 'Taxi', '2022-04-16', '25.00'),
(275, 'a55', '202204', 'Location salle conférence', '2022-04-04', '278.00'),
(276, 'a55', '202204', 'Voyage SNCF', '2022-04-05', '39.00'),
(277, 'a55', '202204', 'Location salle conférence', '2022-04-25', '225.00'),
(278, 'a55', '202205', 'Location véhicule', '2022-05-17', '248.00'),
(279, 'a55', '202205', 'Achat de matériel de papeterie', '2022-05-23', '33.00'),
(280, 'a55', '202205', 'Frais vestimentaire/représentation', '2022-05-28', '317.00'),
(281, 'a55', '202205', 'Traiteur, alimentation, boisson', '2022-05-01', '256.00'),
(282, 'a55', '202205', 'Location véhicule', '2022-05-12', '178.00'),
(283, 'a55', '202205', 'Achat d\'espace publicitaire', '2022-05-10', '70.00'),
(284, 'a55', '202206', 'Rémunération intervenant/spécialiste', '2022-06-17', '518.00'),
(285, 'a55', '202206', 'Voyage SNCF', '2022-06-24', '54.00'),
(286, 'a55', '202206', 'Frais vestimentaire/représentation', '2022-06-28', '215.00'),
(287, 'a55', '202206', 'Repas avec praticien', '2022-06-11', '49.00'),
(288, 'a55', '202206', 'Achat d\'espace publicitaire', '2022-06-13', '117.00'),
(289, 'a55', '202207', 'Taxi', '2022-07-14', '70.00'),
(290, 'a55', '202207', 'Repas avec praticien', '2022-07-11', '43.00'),
(291, 'a55', '202207', 'Taxi', '2022-07-03', '63.00'),
(292, 'a55', '202208', 'Achat d\'espace publicitaire', '2022-08-07', '88.00'),
(293, 'a55', '202208', 'Voyage SNCF', '2022-08-15', '71.00'),
(294, 'a55', '202208', 'Voyage SNCF', '2022-08-14', '58.00'),
(295, 'a55', '202209', 'Achat de matériel de papeterie', '2022-09-05', '18.00'),
(296, 'a55', '202209', 'Achat d\'espace publicitaire', '2022-09-28', '98.00'),
(297, 'a93', '202009', 'Achat de matériel de papeterie', '2020-09-03', '42.00'),
(298, 'a93', '202009', 'Rémunération intervenant/spécialiste', '2020-09-27', '1131.00'),
(299, 'a93', '202009', 'Frais vestimentaire/représentation', '2020-09-22', '27.00'),
(300, 'a93', '202009', 'Taxi', '2020-09-27', '20.00'),
(301, 'a93', '202009', 'Rémunération intervenant/spécialiste', '2020-09-24', '1170.00'),
(302, 'a93', '202010', 'Location véhicule', '2020-10-16', '49.00'),
(303, 'a93', '202010', 'Location salle conférence', '2020-10-19', '391.00'),
(304, 'a93', '202010', 'Location véhicule', '2020-10-07', '301.00'),
(305, 'a93', '202011', 'Location salle conférence', '2020-11-01', '649.00'),
(306, 'a93', '202011', 'Achat d\'espace publicitaire', '2020-11-14', '101.00'),
(307, 'a93', '202011', 'Voyage SNCF', '2020-11-21', '108.00'),
(308, 'a93', '202011', 'Achat d\'espace publicitaire', '2020-11-23', '59.00'),
(309, 'a93', '202012', 'Location véhicule', '2020-12-24', '382.00'),
(310, 'a93', '202012', 'Location salle conférence', '2020-12-04', '240.00'),
(311, 'a93', '202012', 'Rémunération intervenant/spécialiste', '2020-12-05', '1135.00'),
(312, 'a93', '202101', 'Traiteur, alimentation, boisson', '2021-01-20', '394.00'),
(313, 'a93', '202101', 'Traiteur, alimentation, boisson', '2021-01-04', '143.00'),
(314, 'a93', '202101', 'Location véhicule', '2021-01-14', '288.00'),
(315, 'a93', '202102', 'Voyage SNCF', '2021-02-23', '135.00'),
(316, 'a93', '202102', 'Repas avec praticien', '2021-02-03', '30.00'),
(317, 'a93', '202102', 'Frais vestimentaire/représentation', '2021-02-03', '299.00'),
(318, 'a93', '202102', 'Repas avec praticien', '2021-02-14', '36.00'),
(319, 'a93', '202102', 'Rémunération intervenant/spécialiste', '2021-02-06', '995.00'),
(320, 'a93', '202102', 'Traiteur, alimentation, boisson', '2021-02-02', '217.00'),
(321, 'a93', '202103', 'Rémunération intervenant/spécialiste', '2021-03-03', '987.00'),
(322, 'a93', '202103', 'Voyage SNCF', '2021-03-20', '63.00'),
(323, 'a93', '202103', 'Achat de matériel de papeterie', '2021-03-27', '46.00'),
(324, 'a93', '202104', 'Achat de matériel de papeterie', '2021-04-15', '13.00'),
(325, 'a93', '202104', 'Achat de matériel de papeterie', '2021-04-25', '17.00'),
(326, 'a93', '202104', 'Frais vestimentaire/représentation', '2021-04-04', '177.00'),
(327, 'a93', '202104', 'Achat de matériel de papeterie', '2021-04-10', '34.00'),
(328, 'a93', '202105', 'Achat d\'espace publicitaire', '2021-05-08', '88.00'),
(329, 'a93', '202105', 'Taxi', '2021-05-07', '27.00'),
(330, 'a93', '202105', 'Taxi', '2021-05-28', '70.00'),
(331, 'a93', '202106', 'Frais vestimentaire/représentation', '2021-06-20', '434.00'),
(332, 'a93', '202106', 'Location salle conférence', '2021-06-16', '558.00'),
(333, 'a93', '202107', 'Rémunération intervenant/spécialiste', '2021-07-03', '1150.00'),
(334, 'a93', '202107', 'Taxi', '2021-07-26', '68.00'),
(335, 'a93', '202107', 'Achat d\'espace publicitaire', '2021-07-16', '84.00'),
(336, 'a93', '202107', 'Frais vestimentaire/représentation', '2021-07-25', '238.00'),
(337, 'a93', '202108', 'Achat d\'espace publicitaire', '2021-08-17', '126.00'),
(338, 'a93', '202108', 'Location véhicule', '2021-08-01', '111.00'),
(339, 'a93', '202108', 'Achat de matériel de papeterie', '2021-08-13', '15.00'),
(340, 'a93', '202108', 'Location salle conférence', '2021-08-21', '649.00'),
(341, 'a93', '202109', 'Traiteur, alimentation, boisson', '2021-09-25', '317.00'),
(342, 'a93', '202109', 'Location équipement vidéo/sonore', '2021-09-16', '265.00'),
(343, 'a93', '202109', 'Rémunération intervenant/spécialiste', '2021-09-09', '1192.00'),
(344, 'a93', '202110', 'Traiteur, alimentation, boisson', '2021-10-06', '110.00'),
(345, 'a93', '202110', 'Achat de matériel de papeterie', '2021-10-13', '16.00'),
(346, 'a93', '202110', 'Taxi', '2021-10-01', '66.00'),
(347, 'a93', '202110', 'Taxi', '2021-10-05', '23.00'),
(348, 'a93', '202110', 'Repas avec praticien', '2021-10-20', '37.00'),
(349, 'a93', '202110', 'Location équipement vidéo/sonore', '2021-10-18', '622.00'),
(350, 'a93', '202111', 'Location équipement vidéo/sonore', '2021-11-25', '691.00'),
(351, 'a93', '202111', 'Achat d\'espace publicitaire', '2021-11-03', '81.00'),
(352, 'a93', '202112', 'Frais vestimentaire/représentation', '2021-12-13', '174.00'),
(353, 'a93', '202112', 'Voyage SNCF', '2021-12-07', '146.00'),
(354, 'a93', '202112', 'Taxi', '2021-12-12', '34.00'),
(355, 'a93', '202112', 'Rémunération intervenant/spécialiste', '2021-12-12', '304.00'),
(356, 'a93', '202112', 'Location véhicule', '2021-12-04', '205.00'),
(357, 'a93', '202112', 'Traiteur, alimentation, boisson', '2021-12-11', '378.00'),
(358, 'a93', '202201', 'Location salle conférence', '2022-01-18', '250.00'),
(359, 'a93', '202201', 'Location salle conférence', '2022-01-19', '345.00'),
(360, 'a93', '202201', 'Location équipement vidéo/sonore', '2022-01-16', '562.00'),
(361, 'a93', '202202', 'Achat d\'espace publicitaire', '2022-02-06', '77.00'),
(362, 'a93', '202202', 'Achat d\'espace publicitaire', '2022-02-07', '81.00'),
(363, 'a93', '202202', 'Rémunération intervenant/spécialiste', '2022-02-03', '769.00'),
(364, 'a93', '202202', 'Voyage SNCF', '2022-02-08', '132.00'),
(365, 'a93', '202203', 'Achat de matériel de papeterie', '2022-03-28', '44.00'),
(366, 'a93', '202203', 'Frais vestimentaire/représentation', '2022-03-26', '303.00'),
(367, 'a93', '202203', 'Achat de matériel de papeterie', '2022-03-14', '26.00'),
(368, 'a93', '202203', 'Taxi', '2022-03-19', '41.00'),
(369, 'a93', '202203', 'Rémunération intervenant/spécialiste', '2022-03-23', '652.00'),
(370, 'a93', '202203', 'Frais vestimentaire/représentation', '2022-03-24', '76.00'),
(371, 'a93', '202204', 'Location équipement vidéo/sonore', '2022-04-02', '680.00'),
(372, 'a93', '202204', 'Location véhicule', '2022-04-18', '189.00'),
(373, 'a93', '202205', 'Taxi', '2022-05-09', '40.00'),
(374, 'a93', '202205', 'Frais vestimentaire/représentation', '2022-05-12', '335.00'),
(375, 'a93', '202205', 'Location équipement vidéo/sonore', '2022-05-27', '608.00'),
(376, 'a93', '202205', 'Location équipement vidéo/sonore', '2022-05-02', '508.00'),
(377, 'a93', '202205', 'Traiteur, alimentation, boisson', '2022-05-14', '250.00'),
(378, 'a93', '202206', 'Taxi', '2022-06-12', '69.00'),
(379, 'a93', '202207', 'Achat de matériel de papeterie', '2022-07-16', '34.00'),
(380, 'a93', '202207', 'Rémunération intervenant/spécialiste', '2022-07-23', '373.00'),
(381, 'a93', '202207', 'Location salle conférence', '2022-07-23', '521.00'),
(382, 'a93', '202207', 'Rémunération intervenant/spécialiste', '2022-07-06', '589.00'),
(383, 'a93', '202208', 'Voyage SNCF', '2022-08-27', '105.00'),
(384, 'a93', '202208', 'Location équipement vidéo/sonore', '2022-08-24', '471.00'),
(385, 'a93', '202208', 'Location véhicule', '2022-08-01', '383.00'),
(386, 'a93', '202209', 'Rémunération intervenant/spécialiste', '2022-09-15', '729.00'),
(387, 'a93', '202209', 'Achat d\'espace publicitaire', '2022-09-20', '63.00'),
(388, 'b13', '202009', 'Location équipement vidéo/sonore', '2020-09-14', '659.00'),
(389, 'b13', '202009', 'Achat d\'espace publicitaire', '2020-09-27', '117.00'),
(390, 'b13', '202009', 'Rémunération intervenant/spécialiste', '2020-09-28', '718.00'),
(391, 'b13', '202010', 'Voyage SNCF', '2020-10-28', '87.00'),
(392, 'b13', '202010', 'Achat d\'espace publicitaire', '2020-10-17', '98.00'),
(393, 'b13', '202010', 'Rémunération intervenant/spécialiste', '2020-10-16', '407.00'),
(394, 'b13', '202010', 'Achat de matériel de papeterie', '2020-10-13', '33.00'),
(395, 'b13', '202010', 'Location équipement vidéo/sonore', '2020-10-13', '369.00'),
(396, 'b13', '202010', 'Location salle conférence', '2020-10-19', '464.00'),
(397, 'b13', '202011', 'Location véhicule', '2020-11-14', '269.00'),
(398, 'b13', '202012', 'Location véhicule', '2020-12-14', '338.00'),
(399, 'b13', '202012', 'Taxi', '2020-12-23', '39.00'),
(400, 'b13', '202012', 'Achat d\'espace publicitaire', '2020-12-12', '135.00'),
(401, 'b13', '202012', 'Location équipement vidéo/sonore', '2020-12-25', '195.00'),
(402, 'b13', '202012', 'Achat d\'espace publicitaire', '2020-12-12', '135.00'),
(403, 'b13', '202012', 'Location équipement vidéo/sonore', '2020-12-20', '454.00'),
(404, 'b13', '202101', 'Location véhicule', '2021-01-09', '219.00'),
(405, 'b13', '202101', 'Traiteur, alimentation, boisson', '2021-01-16', '331.00'),
(406, 'b13', '202102', 'Traiteur, alimentation, boisson', '2021-02-21', '299.00'),
(407, 'b13', '202102', 'Achat d\'espace publicitaire', '2021-02-16', '51.00'),
(408, 'b13', '202103', 'Achat d\'espace publicitaire', '2021-03-28', '119.00'),
(409, 'b13', '202104', 'Location équipement vidéo/sonore', '2021-04-20', '490.00'),
(410, 'b13', '202104', 'Location salle conférence', '2021-04-26', '277.00'),
(411, 'b13', '202104', 'Voyage SNCF', '2021-04-10', '99.00'),
(412, 'b13', '202104', 'Frais vestimentaire/représentation', '2021-04-08', '368.00'),
(413, 'b13', '202104', 'Voyage SNCF', '2021-04-12', '112.00'),
(414, 'b13', '202105', 'Voyage SNCF', '2021-05-10', '133.00'),
(415, 'b13', '202105', 'Location salle conférence', '2021-05-27', '294.00'),
(416, 'b13', '202105', 'Achat de matériel de papeterie', '2021-05-20', '38.00'),
(417, 'b13', '202105', 'Achat de matériel de papeterie', '2021-05-19', '44.00'),
(418, 'b13', '202105', 'Taxi', '2021-05-13', '48.00'),
(419, 'b13', '202106', 'Location équipement vidéo/sonore', '2021-06-09', '679.00'),
(420, 'b13', '202106', 'Taxi', '2021-06-09', '31.00'),
(421, 'b13', '202106', 'Voyage SNCF', '2021-06-26', '111.00'),
(422, 'b13', '202107', 'Location équipement vidéo/sonore', '2021-07-20', '543.00'),
(423, 'b13', '202108', 'Location équipement vidéo/sonore', '2021-08-01', '339.00'),
(424, 'b13', '202108', 'Location salle conférence', '2021-08-14', '544.00'),
(425, 'b13', '202108', 'Location véhicule', '2021-08-19', '416.00'),
(426, 'b13', '202109', 'Rémunération intervenant/spécialiste', '2021-09-17', '842.00'),
(427, 'b13', '202109', 'Achat de matériel de papeterie', '2021-09-18', '25.00'),
(428, 'b13', '202109', 'Achat de matériel de papeterie', '2021-09-26', '33.00'),
(429, 'b13', '202109', 'Location véhicule', '2021-09-06', '273.00'),
(430, 'b13', '202109', 'Voyage SNCF', '2021-09-11', '60.00'),
(431, 'b13', '202109', 'Location véhicule', '2021-09-15', '178.00'),
(432, 'b13', '202110', 'Repas avec praticien', '2021-10-13', '47.00'),
(433, 'b13', '202110', 'Achat d\'espace publicitaire', '2021-10-18', '35.00'),
(434, 'b13', '202110', 'Frais vestimentaire/représentation', '2021-10-12', '37.00'),
(435, 'b13', '202110', 'Achat de matériel de papeterie', '2021-10-02', '30.00'),
(436, 'b13', '202110', 'Frais vestimentaire/représentation', '2021-10-23', '210.00'),
(437, 'b13', '202111', 'Location véhicule', '2021-11-12', '336.00'),
(438, 'b13', '202111', 'Location salle conférence', '2021-11-15', '138.00'),
(439, 'b13', '202111', 'Location équipement vidéo/sonore', '2021-11-10', '407.00'),
(440, 'b13', '202111', 'Taxi', '2021-11-25', '72.00'),
(441, 'b13', '202111', 'Taxi', '2021-11-08', '33.00'),
(442, 'b13', '202112', 'Achat de matériel de papeterie', '2021-12-21', '38.00'),
(443, 'b13', '202112', 'Frais vestimentaire/représentation', '2021-12-02', '198.00'),
(444, 'b13', '202201', 'Taxi', '2022-01-08', '47.00'),
(445, 'b13', '202201', 'Location salle conférence', '2022-01-09', '126.00'),
(446, 'b13', '202201', 'Traiteur, alimentation, boisson', '2022-01-21', '342.00'),
(447, 'b13', '202201', 'Achat de matériel de papeterie', '2022-01-23', '20.00'),
(448, 'b13', '202201', 'Achat d\'espace publicitaire', '2022-01-08', '54.00'),
(449, 'b13', '202201', 'Location véhicule', '2022-01-27', '149.00'),
(450, 'b13', '202202', 'Voyage SNCF', '2022-02-14', '103.00'),
(451, 'b13', '202203', 'Location salle conférence', '2022-03-04', '560.00'),
(452, 'b13', '202203', 'Repas avec praticien', '2022-03-10', '37.00'),
(453, 'b13', '202203', 'Voyage SNCF', '2022-03-04', '58.00'),
(454, 'b13', '202203', 'Rémunération intervenant/spécialiste', '2022-03-26', '298.00'),
(455, 'b13', '202204', 'Achat d\'espace publicitaire', '2022-04-10', '133.00'),
(456, 'b13', '202204', 'Taxi', '2022-04-19', '62.00'),
(457, 'b13', '202205', 'Location véhicule', '2022-05-26', '38.00'),
(458, 'b13', '202206', 'Voyage SNCF', '2022-06-22', '96.00'),
(459, 'b13', '202207', 'Location véhicule', '2022-07-14', '352.00'),
(460, 'b13', '202207', 'Location salle conférence', '2022-07-25', '231.00'),
(461, 'b13', '202207', 'Achat d\'espace publicitaire', '2022-07-24', '80.00'),
(462, 'b13', '202207', 'Traiteur, alimentation, boisson', '2022-07-18', '278.00'),
(463, 'b13', '202207', 'Taxi', '2022-07-04', '37.00'),
(464, 'b13', '202208', 'Location équipement vidéo/sonore', '2022-08-08', '408.00'),
(465, 'b13', '202208', 'Traiteur, alimentation, boisson', '2022-08-04', '338.00'),
(466, 'b13', '202208', 'Location équipement vidéo/sonore', '2022-08-22', '810.00'),
(467, 'b13', '202208', 'Traiteur, alimentation, boisson', '2022-08-12', '351.00'),
(468, 'b13', '202208', 'Location équipement vidéo/sonore', '2022-08-23', '479.00'),
(469, 'b13', '202208', 'Achat de matériel de papeterie', '2022-08-24', '25.00'),
(470, 'b13', '202209', 'Achat de matériel de papeterie', '2022-09-22', '13.00'),
(471, 'b13', '202209', 'Taxi', '2022-09-07', '27.00'),
(472, 'b13', '202209', 'Achat de matériel de papeterie', '2022-09-03', '33.00'),
(473, 'b13', '202209', 'Achat de matériel de papeterie', '2022-09-20', '17.00'),
(474, 'b13', '202209', 'Voyage SNCF', '2022-09-25', '114.00'),
(475, 'b13', '202209', 'Taxi', '2022-09-12', '80.00'),
(476, 'b16', '202009', 'Rémunération intervenant/spécialiste', '2020-09-22', '607.00'),
(477, 'b16', '202009', 'Taxi', '2020-09-14', '65.00'),
(478, 'b16', '202009', 'Location véhicule', '2020-09-19', '321.00'),
(479, 'b16', '202010', 'Frais vestimentaire/représentation', '2020-10-21', '285.00'),
(480, 'b16', '202010', 'Voyage SNCF', '2020-10-14', '131.00'),
(481, 'b16', '202010', 'Achat d\'espace publicitaire', '2020-10-15', '145.00'),
(482, 'b16', '202010', 'Taxi', '2020-10-04', '47.00'),
(483, 'b16', '202010', 'Voyage SNCF', '2020-10-05', '129.00'),
(484, 'b16', '202011', 'Location véhicule', '2020-11-25', '26.00'),
(485, 'b16', '202011', 'Voyage SNCF', '2020-11-25', '94.00'),
(486, 'b16', '202011', 'Traiteur, alimentation, boisson', '2020-11-08', '146.00'),
(487, 'b16', '202012', 'Location véhicule', '2020-12-01', '57.00'),
(488, 'b16', '202101', 'Location salle conférence', '2021-01-25', '598.00'),
(489, 'b16', '202101', 'Repas avec praticien', '2021-01-16', '46.00'),
(490, 'b16', '202102', 'Voyage SNCF', '2021-02-05', '106.00'),
(491, 'b16', '202102', 'Achat d\'espace publicitaire', '2021-02-28', '123.00'),
(492, 'b16', '202102', 'Achat de matériel de papeterie', '2021-02-11', '45.00'),
(493, 'b16', '202103', 'Location véhicule', '2021-03-09', '224.00'),
(494, 'b16', '202103', 'Location véhicule', '2021-03-05', '225.00'),
(495, 'b16', '202103', 'Location salle conférence', '2021-03-15', '472.00'),
(496, 'b16', '202104', 'Taxi', '2021-04-25', '30.00'),
(497, 'b16', '202105', 'Achat de matériel de papeterie', '2021-05-17', '30.00'),
(498, 'b16', '202105', 'Location salle conférence', '2021-05-26', '261.00'),
(499, 'b16', '202105', 'Taxi', '2021-05-06', '30.00'),
(500, 'b16', '202105', 'Voyage SNCF', '2021-05-22', '149.00'),
(501, 'b16', '202105', 'Location véhicule', '2021-05-13', '374.00'),
(502, 'b16', '202105', 'Taxi', '2021-05-20', '28.00'),
(503, 'b16', '202106', 'Frais vestimentaire/représentation', '2021-06-23', '210.00'),
(504, 'b16', '202106', 'Achat de matériel de papeterie', '2021-06-22', '50.00'),
(505, 'b16', '202107', 'Achat de matériel de papeterie', '2021-07-15', '16.00'),
(506, 'b16', '202107', 'Location véhicule', '2021-07-09', '41.00'),
(507, 'b16', '202107', 'Repas avec praticien', '2021-07-06', '43.00'),
(508, 'b16', '202107', 'Achat d\'espace publicitaire', '2021-07-06', '137.00'),
(509, 'b16', '202107', 'Location véhicule', '2021-07-02', '338.00'),
(510, 'b16', '202107', 'Repas avec praticien', '2021-07-25', '35.00'),
(511, 'b16', '202108', 'Repas avec praticien', '2021-08-09', '36.00'),
(512, 'b16', '202108', 'Repas avec praticien', '2021-08-01', '44.00'),
(513, 'b16', '202109', 'Achat d\'espace publicitaire', '2021-09-03', '106.00'),
(514, 'b16', '202109', 'Rémunération intervenant/spécialiste', '2021-09-27', '279.00'),
(515, 'b16', '202109', 'Traiteur, alimentation, boisson', '2021-09-19', '167.00'),
(516, 'b16', '202109', 'Location équipement vidéo/sonore', '2021-09-12', '219.00'),
(517, 'b16', '202110', 'Achat de matériel de papeterie', '2021-10-17', '13.00'),
(518, 'b16', '202110', 'Location salle conférence', '2021-10-16', '432.00'),
(519, 'b16', '202110', 'Achat d\'espace publicitaire', '2021-10-05', '45.00'),
(520, 'b16', '202110', 'Location équipement vidéo/sonore', '2021-10-01', '541.00'),
(521, 'b16', '202110', 'Achat de matériel de papeterie', '2021-10-22', '16.00'),
(522, 'b16', '202111', 'Traiteur, alimentation, boisson', '2021-11-26', '176.00'),
(523, 'b16', '202111', 'Rémunération intervenant/spécialiste', '2021-11-03', '784.00'),
(524, 'b16', '202112', 'Location salle conférence', '2021-12-08', '195.00'),
(525, 'b16', '202112', 'Achat de matériel de papeterie', '2021-12-16', '41.00'),
(526, 'b16', '202201', 'Repas avec praticien', '2022-01-12', '32.00'),
(527, 'b16', '202201', 'Location équipement vidéo/sonore', '2022-01-12', '375.00'),
(528, 'b16', '202201', 'Achat de matériel de papeterie', '2022-01-27', '10.00'),
(529, 'b16', '202201', 'Voyage SNCF', '2022-01-14', '82.00'),
(530, 'b16', '202201', 'Location équipement vidéo/sonore', '2022-01-05', '820.00'),
(531, 'b16', '202201', 'Traiteur, alimentation, boisson', '2022-01-03', '368.00'),
(532, 'b16', '202202', 'Achat de matériel de papeterie', '2022-02-03', '14.00'),
(533, 'b16', '202202', 'Traiteur, alimentation, boisson', '2022-02-12', '139.00'),
(534, 'b16', '202202', 'Location véhicule', '2022-02-09', '375.00'),
(535, 'b16', '202202', 'Achat d\'espace publicitaire', '2022-02-17', '119.00'),
(536, 'b16', '202202', 'Repas avec praticien', '2022-02-16', '40.00'),
(537, 'b16', '202203', 'Repas avec praticien', '2022-03-16', '41.00'),
(538, 'b16', '202204', 'Taxi', '2022-04-16', '38.00'),
(539, 'b16', '202204', 'Frais vestimentaire/représentation', '2022-04-15', '87.00'),
(540, 'b16', '202204', 'Location salle conférence', '2022-04-05', '587.00'),
(541, 'b16', '202204', 'Location équipement vidéo/sonore', '2022-04-14', '219.00'),
(542, 'b16', '202204', 'Repas avec praticien', '2022-04-14', '46.00'),
(543, 'b16', '202204', 'Voyage SNCF', '2022-04-13', '147.00'),
(544, 'b16', '202205', 'Location salle conférence', '2022-05-22', '533.00'),
(545, 'b16', '202205', 'Achat d\'espace publicitaire', '2022-05-05', '88.00'),
(546, 'b16', '202206', 'Achat de matériel de papeterie', '2022-06-03', '35.00'),
(547, 'b16', '202206', 'Achat d\'espace publicitaire', '2022-06-18', '27.00'),
(548, 'b16', '202206', 'Achat d\'espace publicitaire', '2022-06-25', '86.00'),
(549, 'b16', '202207', 'Achat de matériel de papeterie', '2022-07-27', '22.00'),
(550, 'b16', '202208', 'Location équipement vidéo/sonore', '2022-08-11', '790.00'),
(551, 'b16', '202208', 'Traiteur, alimentation, boisson', '2022-08-04', '173.00'),
(552, 'b16', '202208', 'Repas avec praticien', '2022-08-24', '46.00'),
(553, 'b16', '202208', 'Taxi', '2022-08-01', '41.00'),
(554, 'b16', '202209', 'Achat de matériel de papeterie', '2022-09-05', '23.00'),
(555, 'b16', '202209', 'Voyage SNCF', '2022-09-26', '61.00'),
(556, 'b16', '202209', 'Location salle conférence', '2022-09-17', '219.00'),
(557, 'b16', '202209', 'Frais vestimentaire/représentation', '2022-09-14', '231.00'),
(558, 'b16', '202209', 'Voyage SNCF', '2022-09-28', '103.00'),
(559, 'b19', '202009', 'Frais vestimentaire/représentation', '2020-09-08', '148.00'),
(560, 'b19', '202010', 'Traiteur, alimentation, boisson', '2020-10-26', '256.00'),
(561, 'b19', '202010', 'Rémunération intervenant/spécialiste', '2020-10-02', '877.00'),
(562, 'b19', '202010', 'Taxi', '2020-10-27', '53.00'),
(563, 'b19', '202010', 'Frais vestimentaire/représentation', '2020-10-22', '424.00'),
(564, 'b19', '202010', 'Repas avec praticien', '2020-10-28', '30.00'),
(565, 'b19', '202010', 'Repas avec praticien', '2020-10-17', '45.00'),
(566, 'b19', '202011', 'Location salle conférence', '2020-11-26', '415.00'),
(567, 'b19', '202011', 'Repas avec praticien', '2020-11-04', '36.00'),
(568, 'b19', '202012', 'Achat d\'espace publicitaire', '2020-12-06', '82.00'),
(569, 'b19', '202012', 'Location salle conférence', '2020-12-09', '199.00'),
(570, 'b19', '202012', 'Location véhicule', '2020-12-19', '331.00'),
(571, 'b19', '202012', 'Achat d\'espace publicitaire', '2020-12-08', '59.00'),
(572, 'b19', '202012', 'Taxi', '2020-12-01', '56.00'),
(573, 'b19', '202101', 'Repas avec praticien', '2021-01-07', '33.00'),
(574, 'b19', '202101', 'Achat de matériel de papeterie', '2021-01-23', '37.00'),
(575, 'b19', '202101', 'Taxi', '2021-01-21', '76.00'),
(576, 'b19', '202101', 'Rémunération intervenant/spécialiste', '2021-01-26', '458.00'),
(577, 'b19', '202102', 'Frais vestimentaire/représentation', '2021-02-03', '448.00'),
(578, 'b19', '202102', 'Location véhicule', '2021-02-23', '364.00'),
(579, 'b19', '202102', 'Voyage SNCF', '2021-02-19', '88.00'),
(580, 'b19', '202102', 'Rémunération intervenant/spécialiste', '2021-02-19', '517.00'),
(581, 'b19', '202103', 'Frais vestimentaire/représentation', '2021-03-08', '429.00'),
(582, 'b19', '202103', 'Frais vestimentaire/représentation', '2021-03-27', '233.00'),
(583, 'b19', '202103', 'Location équipement vidéo/sonore', '2021-03-12', '468.00'),
(584, 'b19', '202104', 'Location équipement vidéo/sonore', '2021-04-20', '250.00'),
(585, 'b19', '202104', 'Location salle conférence', '2021-04-08', '578.00'),
(586, 'b19', '202104', 'Location équipement vidéo/sonore', '2021-04-28', '459.00'),
(587, 'b19', '202104', 'Location équipement vidéo/sonore', '2021-04-23', '252.00'),
(588, 'b19', '202104', 'Voyage SNCF', '2021-04-02', '108.00'),
(589, 'b19', '202104', 'Traiteur, alimentation, boisson', '2021-04-22', '396.00'),
(590, 'b19', '202105', 'Rémunération intervenant/spécialiste', '2021-05-19', '1125.00'),
(591, 'b19', '202105', 'Voyage SNCF', '2021-05-09', '142.00'),
(592, 'b19', '202105', 'Frais vestimentaire/représentation', '2021-05-05', '398.00'),
(593, 'b19', '202106', 'Rémunération intervenant/spécialiste', '2021-06-22', '477.00'),
(594, 'b19', '202106', 'Rémunération intervenant/spécialiste', '2021-06-05', '430.00'),
(595, 'b19', '202106', 'Location équipement vidéo/sonore', '2021-06-16', '651.00'),
(596, 'b19', '202106', 'Taxi', '2021-06-21', '45.00'),
(597, 'b19', '202107', 'Location équipement vidéo/sonore', '2021-07-01', '551.00'),
(598, 'b19', '202107', 'Traiteur, alimentation, boisson', '2021-07-06', '356.00'),
(599, 'b19', '202107', 'Achat de matériel de papeterie', '2021-07-13', '18.00'),
(600, 'b19', '202108', 'Voyage SNCF', '2021-08-15', '96.00'),
(601, 'b19', '202108', 'Voyage SNCF', '2021-08-20', '32.00'),
(602, 'b19', '202108', 'Location équipement vidéo/sonore', '2021-08-09', '822.00'),
(603, 'b19', '202108', 'Achat d\'espace publicitaire', '2021-08-04', '123.00'),
(604, 'b19', '202109', 'Traiteur, alimentation, boisson', '2021-09-26', '155.00'),
(605, 'b19', '202109', 'Location équipement vidéo/sonore', '2021-09-28', '562.00'),
(606, 'b19', '202109', 'Location salle conférence', '2021-09-24', '190.00'),
(607, 'b19', '202110', 'Frais vestimentaire/représentation', '2021-10-09', '296.00'),
(608, 'b19', '202111', 'Achat de matériel de papeterie', '2021-11-05', '25.00'),
(609, 'b19', '202111', 'Voyage SNCF', '2021-11-11', '30.00'),
(610, 'b19', '202111', 'Rémunération intervenant/spécialiste', '2021-11-25', '696.00'),
(611, 'b19', '202111', 'Location salle conférence', '2021-11-04', '605.00'),
(612, 'b19', '202111', 'Voyage SNCF', '2021-11-25', '140.00'),
(613, 'b19', '202112', 'Achat de matériel de papeterie', '2021-12-17', '25.00'),
(614, 'b19', '202201', 'Traiteur, alimentation, boisson', '2022-01-25', '356.00'),
(615, 'b19', '202201', 'Location équipement vidéo/sonore', '2022-01-22', '299.00'),
(616, 'b19', '202201', 'Achat d\'espace publicitaire', '2022-01-06', '30.00'),
(617, 'b19', '202202', 'Repas avec praticien', '2022-02-03', '33.00'),
(618, 'b19', '202202', 'Achat d\'espace publicitaire', '2022-02-12', '113.00'),
(619, 'b19', '202202', 'Voyage SNCF', '2022-02-02', '146.00'),
(620, 'b19', '202202', 'Frais vestimentaire/représentation', '2022-02-12', '441.00'),
(621, 'b19', '202203', 'Voyage SNCF', '2022-03-05', '102.00'),
(622, 'b19', '202203', 'Repas avec praticien', '2022-03-27', '42.00'),
(623, 'b19', '202203', 'Frais vestimentaire/représentation', '2022-03-12', '281.00'),
(624, 'b19', '202203', 'Taxi', '2022-03-28', '50.00'),
(625, 'b19', '202203', 'Location véhicule', '2022-03-02', '342.00'),
(626, 'b19', '202204', 'Achat de matériel de papeterie', '2022-04-09', '50.00'),
(627, 'b19', '202205', 'Frais vestimentaire/représentation', '2022-05-11', '114.00'),
(628, 'b19', '202205', 'Location véhicule', '2022-05-20', '337.00'),
(629, 'b19', '202205', 'Traiteur, alimentation, boisson', '2022-05-16', '398.00'),
(630, 'b19', '202205', 'Voyage SNCF', '2022-05-25', '108.00'),
(631, 'b19', '202205', 'Achat de matériel de papeterie', '2022-05-03', '15.00'),
(632, 'b19', '202206', 'Location salle conférence', '2022-06-23', '598.00'),
(633, 'b19', '202206', 'Repas avec praticien', '2022-06-11', '49.00'),
(634, 'b19', '202206', 'Achat de matériel de papeterie', '2022-06-18', '16.00'),
(635, 'b19', '202206', 'Achat de matériel de papeterie', '2022-06-03', '37.00'),
(636, 'b19', '202206', 'Location véhicule', '2022-06-23', '324.00'),
(637, 'b19', '202206', 'Achat d\'espace publicitaire', '2022-06-09', '116.00'),
(638, 'b19', '202207', 'Location véhicule', '2022-07-27', '154.00'),
(639, 'b19', '202207', 'Location équipement vidéo/sonore', '2022-07-05', '537.00'),
(640, 'b19', '202207', 'Location véhicule', '2022-07-09', '157.00'),
(641, 'b19', '202207', 'Achat de matériel de papeterie', '2022-07-17', '30.00'),
(642, 'b19', '202207', 'Traiteur, alimentation, boisson', '2022-07-02', '229.00'),
(643, 'b19', '202207', 'Rémunération intervenant/spécialiste', '2022-07-22', '645.00'),
(644, 'b19', '202208', 'Achat de matériel de papeterie', '2022-08-09', '26.00'),
(645, 'b19', '202208', 'Location véhicule', '2022-08-19', '256.00'),
(646, 'b19', '202208', 'Voyage SNCF', '2022-08-25', '58.00'),
(647, 'b19', '202208', 'Taxi', '2022-08-17', '27.00'),
(648, 'b19', '202209', 'Rémunération intervenant/spécialiste', '2022-09-13', '739.00'),
(649, 'b19', '202209', 'Frais vestimentaire/représentation', '2022-09-06', '341.00'),
(650, 'b19', '202209', 'Taxi', '2022-09-02', '45.00'),
(651, 'b19', '202209', 'Location véhicule', '2022-09-28', '405.00'),
(652, 'b25', '202009', 'Repas avec praticien', '2020-09-01', '43.00'),
(653, 'b25', '202009', 'Voyage SNCF', '2020-09-04', '60.00'),
(654, 'b25', '202009', 'Location salle conférence', '2020-09-28', '216.00'),
(655, 'b25', '202010', 'Frais vestimentaire/représentation', '2020-10-05', '113.00'),
(656, 'b25', '202010', 'Rémunération intervenant/spécialiste', '2020-10-22', '959.00'),
(657, 'b25', '202010', 'Achat de matériel de papeterie', '2020-10-24', '30.00'),
(658, 'b25', '202011', 'Achat d\'espace publicitaire', '2020-11-14', '40.00'),
(659, 'b25', '202011', 'Taxi', '2020-11-09', '24.00'),
(660, 'b25', '202012', 'Location véhicule', '2020-12-27', '321.00'),
(661, 'b25', '202012', 'Frais vestimentaire/représentation', '2020-12-16', '340.00'),
(662, 'b25', '202012', 'Location salle conférence', '2020-12-09', '412.00'),
(663, 'b25', '202012', 'Voyage SNCF', '2020-12-13', '133.00'),
(664, 'b25', '202101', 'Location salle conférence', '2021-01-24', '243.00'),
(665, 'b25', '202101', 'Achat de matériel de papeterie', '2021-01-18', '11.00'),
(666, 'b25', '202101', 'Location équipement vidéo/sonore', '2021-01-17', '533.00'),
(667, 'b25', '202102', 'Location véhicule', '2021-02-25', '239.00'),
(668, 'b25', '202102', 'Location équipement vidéo/sonore', '2021-02-12', '478.00'),
(669, 'b25', '202102', 'Frais vestimentaire/représentation', '2021-02-10', '154.00'),
(670, 'b25', '202102', 'Voyage SNCF', '2021-02-12', '101.00'),
(671, 'b25', '202103', 'Taxi', '2021-03-27', '61.00'),
(672, 'b25', '202103', 'Location équipement vidéo/sonore', '2021-03-24', '554.00'),
(673, 'b25', '202103', 'Repas avec praticien', '2021-03-13', '45.00'),
(674, 'b25', '202103', 'Traiteur, alimentation, boisson', '2021-03-09', '432.00'),
(675, 'b25', '202103', 'Rémunération intervenant/spécialiste', '2021-03-20', '1078.00'),
(676, 'b25', '202104', 'Achat d\'espace publicitaire', '2021-04-24', '45.00'),
(677, 'b25', '202104', 'Achat d\'espace publicitaire', '2021-04-24', '93.00'),
(678, 'b25', '202105', 'Location équipement vidéo/sonore', '2021-05-01', '593.00'),
(679, 'b25', '202106', 'Voyage SNCF', '2021-06-12', '41.00');
INSERT INTO `lignefraishorsforfait` (`id`, `idvisiteur`, `mois`, `libelle`, `date`, `montant`) VALUES
(680, 'b25', '202106', 'Achat de matériel de papeterie', '2021-06-07', '34.00'),
(681, 'b25', '202106', 'Location équipement vidéo/sonore', '2021-06-06', '616.00'),
(682, 'b25', '202106', 'Rémunération intervenant/spécialiste', '2021-06-06', '305.00'),
(683, 'b25', '202106', 'Voyage SNCF', '2021-06-09', '119.00'),
(684, 'b25', '202107', 'Taxi', '2021-07-12', '61.00'),
(685, 'b25', '202107', 'Location équipement vidéo/sonore', '2021-07-15', '233.00'),
(686, 'b25', '202107', 'Location salle conférence', '2021-07-04', '221.00'),
(687, 'b25', '202108', 'Repas avec praticien', '2021-08-06', '35.00'),
(688, 'b25', '202108', 'Location salle conférence', '2021-08-22', '555.00'),
(689, 'b25', '202108', 'Voyage SNCF', '2021-08-10', '140.00'),
(690, 'b25', '202108', 'Frais vestimentaire/représentation', '2021-08-14', '300.00'),
(691, 'b25', '202108', 'Repas avec praticien', '2021-08-27', '41.00'),
(692, 'b25', '202108', 'Traiteur, alimentation, boisson', '2021-08-01', '256.00'),
(693, 'b25', '202109', 'Location salle conférence', '2021-09-11', '270.00'),
(694, 'b25', '202109', 'Traiteur, alimentation, boisson', '2021-09-10', '164.00'),
(695, 'b25', '202109', 'Achat de matériel de papeterie', '2021-09-05', '19.00'),
(696, 'b25', '202109', 'Repas avec praticien', '2021-09-12', '32.00'),
(697, 'b25', '202109', 'Location véhicule', '2021-09-23', '185.00'),
(698, 'b25', '202109', 'Rémunération intervenant/spécialiste', '2021-09-05', '1106.00'),
(699, 'b25', '202110', 'Rémunération intervenant/spécialiste', '2021-10-10', '897.00'),
(700, 'b25', '202110', 'Location véhicule', '2021-10-03', '272.00'),
(701, 'b25', '202110', 'Location équipement vidéo/sonore', '2021-10-18', '553.00'),
(702, 'b25', '202110', 'Location équipement vidéo/sonore', '2021-10-12', '772.00'),
(703, 'b25', '202111', 'Achat d\'espace publicitaire', '2021-11-01', '59.00'),
(704, 'b25', '202111', 'Frais vestimentaire/représentation', '2021-11-03', '112.00'),
(705, 'b25', '202111', 'Rémunération intervenant/spécialiste', '2021-11-20', '1086.00'),
(706, 'b25', '202112', 'Voyage SNCF', '2021-12-12', '72.00'),
(707, 'b25', '202112', 'Taxi', '2021-12-15', '47.00'),
(708, 'b25', '202112', 'Location véhicule', '2021-12-07', '75.00'),
(709, 'b25', '202112', 'Traiteur, alimentation, boisson', '2021-12-02', '168.00'),
(710, 'b25', '202112', 'Frais vestimentaire/représentation', '2021-12-16', '437.00'),
(711, 'b25', '202201', 'Taxi', '2022-01-09', '80.00'),
(712, 'b25', '202201', 'Location salle conférence', '2022-01-11', '368.00'),
(713, 'b25', '202201', 'Voyage SNCF', '2022-01-09', '42.00'),
(714, 'b25', '202201', 'Voyage SNCF', '2022-01-08', '47.00'),
(715, 'b25', '202201', 'Taxi', '2022-01-14', '58.00'),
(716, 'b25', '202202', 'Location véhicule', '2022-02-07', '291.00'),
(717, 'b25', '202202', 'Voyage SNCF', '2022-02-02', '84.00'),
(718, 'b25', '202202', 'Achat d\'espace publicitaire', '2022-02-26', '131.00'),
(719, 'b25', '202203', 'Location équipement vidéo/sonore', '2022-03-11', '178.00'),
(720, 'b25', '202203', 'Achat d\'espace publicitaire', '2022-03-24', '127.00'),
(721, 'b25', '202203', 'Rémunération intervenant/spécialiste', '2022-03-03', '501.00'),
(722, 'b25', '202203', 'Location salle conférence', '2022-03-08', '425.00'),
(723, 'b25', '202203', 'Repas avec praticien', '2022-03-07', '47.00'),
(724, 'b25', '202203', 'Taxi', '2022-03-11', '29.00'),
(725, 'b25', '202204', 'Frais vestimentaire/représentation', '2022-04-07', '359.00'),
(726, 'b25', '202204', 'Achat d\'espace publicitaire', '2022-04-22', '68.00'),
(727, 'b25', '202204', 'Voyage SNCF', '2022-04-06', '67.00'),
(728, 'b25', '202205', 'Location véhicule', '2022-05-11', '324.00'),
(729, 'b25', '202205', 'Taxi', '2022-05-07', '40.00'),
(730, 'b25', '202206', 'Taxi', '2022-06-02', '63.00'),
(731, 'b25', '202206', 'Traiteur, alimentation, boisson', '2022-06-16', '316.00'),
(732, 'b25', '202206', 'Voyage SNCF', '2022-06-26', '126.00'),
(733, 'b25', '202206', 'Location équipement vidéo/sonore', '2022-06-16', '454.00'),
(734, 'b25', '202207', 'Voyage SNCF', '2022-07-24', '68.00'),
(735, 'b25', '202207', 'Rémunération intervenant/spécialiste', '2022-07-17', '738.00'),
(736, 'b25', '202207', 'Achat de matériel de papeterie', '2022-07-18', '42.00'),
(737, 'b25', '202208', 'Taxi', '2022-08-08', '44.00'),
(738, 'b25', '202208', 'Taxi', '2022-08-21', '74.00'),
(739, 'b25', '202208', 'Repas avec praticien', '2022-08-05', '35.00'),
(740, 'b25', '202208', 'Traiteur, alimentation, boisson', '2022-08-06', '439.00'),
(741, 'b25', '202208', 'Traiteur, alimentation, boisson', '2022-08-15', '135.00'),
(742, 'b25', '202209', 'Achat de matériel de papeterie', '2022-09-27', '41.00'),
(743, 'b25', '202209', 'Location véhicule', '2022-09-24', '220.00'),
(744, 'b25', '202209', 'Voyage SNCF', '2022-09-27', '112.00'),
(745, 'b25', '202209', 'Achat d\'espace publicitaire', '2022-09-06', '93.00'),
(746, 'b28', '202009', 'Repas avec praticien', '2020-09-24', '42.00'),
(747, 'b28', '202009', 'Location équipement vidéo/sonore', '2020-09-28', '681.00'),
(748, 'b28', '202009', 'Rémunération intervenant/spécialiste', '2020-09-23', '1076.00'),
(749, 'b28', '202009', 'Taxi', '2020-09-05', '36.00'),
(750, 'b28', '202010', 'Taxi', '2020-10-21', '24.00'),
(751, 'b28', '202010', 'Location salle conférence', '2020-10-04', '261.00'),
(752, 'b28', '202010', 'Taxi', '2020-10-12', '79.00'),
(753, 'b28', '202010', 'Achat d\'espace publicitaire', '2020-10-27', '83.00'),
(754, 'b28', '202010', 'Location équipement vidéo/sonore', '2020-10-09', '494.00'),
(755, 'b28', '202011', 'Rémunération intervenant/spécialiste', '2020-11-28', '952.00'),
(756, 'b28', '202011', 'Location équipement vidéo/sonore', '2020-11-20', '842.00'),
(757, 'b28', '202011', 'Traiteur, alimentation, boisson', '2020-11-17', '323.00'),
(758, 'b28', '202011', 'Achat de matériel de papeterie', '2020-11-21', '24.00'),
(759, 'b28', '202012', 'Frais vestimentaire/représentation', '2020-12-06', '263.00'),
(760, 'b28', '202012', 'Taxi', '2020-12-11', '34.00'),
(761, 'b28', '202101', 'Voyage SNCF', '2021-01-15', '33.00'),
(762, 'b28', '202101', 'Traiteur, alimentation, boisson', '2021-01-26', '129.00'),
(763, 'b28', '202101', 'Location salle conférence', '2021-01-26', '536.00'),
(764, 'b28', '202101', 'Achat de matériel de papeterie', '2021-01-08', '18.00'),
(765, 'b28', '202102', 'Location équipement vidéo/sonore', '2021-02-16', '749.00'),
(766, 'b28', '202102', 'Rémunération intervenant/spécialiste', '2021-02-27', '1131.00'),
(767, 'b28', '202103', 'Rémunération intervenant/spécialiste', '2021-03-04', '392.00'),
(768, 'b28', '202103', 'Location équipement vidéo/sonore', '2021-03-27', '108.00'),
(769, 'b28', '202104', 'Location salle conférence', '2021-04-26', '493.00'),
(770, 'b28', '202105', 'Achat d\'espace publicitaire', '2021-05-11', '141.00'),
(771, 'b28', '202105', 'Repas avec praticien', '2021-05-03', '31.00'),
(772, 'b28', '202105', 'Rémunération intervenant/spécialiste', '2021-05-12', '1095.00'),
(773, 'b28', '202105', 'Frais vestimentaire/représentation', '2021-05-21', '285.00'),
(774, 'b28', '202106', 'Rémunération intervenant/spécialiste', '2021-06-10', '511.00'),
(775, 'b28', '202106', 'Repas avec praticien', '2021-06-10', '31.00'),
(776, 'b28', '202106', 'Traiteur, alimentation, boisson', '2021-06-09', '222.00'),
(777, 'b28', '202106', 'Repas avec praticien', '2021-06-12', '43.00'),
(778, 'b28', '202106', 'Voyage SNCF', '2021-06-05', '47.00'),
(779, 'b28', '202106', 'Rémunération intervenant/spécialiste', '2021-06-08', '546.00'),
(780, 'b28', '202107', 'Achat d\'espace publicitaire', '2021-07-19', '140.00'),
(781, 'b28', '202107', 'Location équipement vidéo/sonore', '2021-07-05', '207.00'),
(782, 'b28', '202107', 'Traiteur, alimentation, boisson', '2021-07-17', '145.00'),
(783, 'b28', '202107', 'Rémunération intervenant/spécialiste', '2021-07-08', '1198.00'),
(784, 'b28', '202108', 'Location équipement vidéo/sonore', '2021-08-27', '677.00'),
(785, 'b28', '202108', 'Achat de matériel de papeterie', '2021-08-18', '36.00'),
(786, 'b28', '202109', 'Taxi', '2021-09-15', '61.00'),
(787, 'b28', '202110', 'Repas avec praticien', '2021-10-23', '43.00'),
(788, 'b28', '202110', 'Repas avec praticien', '2021-10-27', '40.00'),
(789, 'b28', '202110', 'Location équipement vidéo/sonore', '2021-10-28', '544.00'),
(790, 'b28', '202110', 'Location salle conférence', '2021-10-20', '484.00'),
(791, 'b28', '202110', 'Rémunération intervenant/spécialiste', '2021-10-28', '554.00'),
(792, 'b28', '202110', 'Voyage SNCF', '2021-10-11', '51.00'),
(793, 'b28', '202111', 'Achat de matériel de papeterie', '2021-11-25', '36.00'),
(794, 'b28', '202111', 'Repas avec praticien', '2021-11-11', '31.00'),
(795, 'b28', '202111', 'Location salle conférence', '2021-11-09', '454.00'),
(796, 'b28', '202111', 'Frais vestimentaire/représentation', '2021-11-23', '66.00'),
(797, 'b28', '202112', 'Achat d\'espace publicitaire', '2021-12-04', '148.00'),
(798, 'b28', '202201', 'Achat de matériel de papeterie', '2022-01-16', '10.00'),
(799, 'b28', '202201', 'Location véhicule', '2022-01-26', '350.00'),
(800, 'b28', '202201', 'Repas avec praticien', '2022-01-18', '41.00'),
(801, 'b28', '202201', 'Voyage SNCF', '2022-01-11', '78.00'),
(802, 'b28', '202201', 'Achat de matériel de papeterie', '2022-01-08', '16.00'),
(803, 'b28', '202202', 'Repas avec praticien', '2022-02-22', '38.00'),
(804, 'b28', '202202', 'Taxi', '2022-02-14', '71.00'),
(805, 'b28', '202203', 'Location salle conférence', '2022-03-16', '558.00'),
(806, 'b28', '202204', 'Traiteur, alimentation, boisson', '2022-04-01', '180.00'),
(807, 'b28', '202204', 'Voyage SNCF', '2022-04-15', '106.00'),
(808, 'b28', '202204', 'Location salle conférence', '2022-04-18', '562.00'),
(809, 'b28', '202204', 'Location salle conférence', '2022-04-23', '238.00'),
(810, 'b28', '202204', 'Frais vestimentaire/représentation', '2022-04-22', '442.00'),
(811, 'b28', '202205', 'Achat d\'espace publicitaire', '2022-05-06', '75.00'),
(812, 'b28', '202206', 'Location salle conférence', '2022-06-03', '506.00'),
(813, 'b28', '202206', 'Location salle conférence', '2022-06-03', '173.00'),
(814, 'b28', '202206', 'Voyage SNCF', '2022-06-18', '34.00'),
(815, 'b28', '202206', 'Achat d\'espace publicitaire', '2022-06-18', '92.00'),
(816, 'b28', '202206', 'Achat d\'espace publicitaire', '2022-06-05', '99.00'),
(817, 'b28', '202206', 'Rémunération intervenant/spécialiste', '2022-06-24', '386.00'),
(818, 'b28', '202207', 'Repas avec praticien', '2022-07-02', '46.00'),
(819, 'b28', '202207', 'Location équipement vidéo/sonore', '2022-07-13', '613.00'),
(820, 'b28', '202208', 'Rémunération intervenant/spécialiste', '2022-08-05', '941.00'),
(821, 'b28', '202208', 'Rémunération intervenant/spécialiste', '2022-08-19', '841.00'),
(822, 'b28', '202209', 'Repas avec praticien', '2022-09-26', '44.00'),
(823, 'b28', '202209', 'Location équipement vidéo/sonore', '2022-09-24', '140.00'),
(824, 'b28', '202209', 'Rémunération intervenant/spécialiste', '2022-09-04', '924.00'),
(825, 'b28', '202209', 'Location salle conférence', '2022-09-27', '448.00'),
(826, 'b34', '202009', 'Location salle conférence', '2020-09-18', '344.00'),
(827, 'b34', '202009', 'Location véhicule', '2020-09-12', '170.00'),
(828, 'b34', '202009', 'Taxi', '2020-09-05', '34.00'),
(829, 'b34', '202010', 'Frais vestimentaire/représentation', '2020-10-14', '363.00'),
(830, 'b34', '202011', 'Achat d\'espace publicitaire', '2020-11-28', '31.00'),
(831, 'b34', '202011', 'Achat de matériel de papeterie', '2020-11-13', '26.00'),
(832, 'b34', '202012', 'Repas avec praticien', '2020-12-14', '31.00'),
(833, 'b34', '202101', 'Location équipement vidéo/sonore', '2021-01-24', '690.00'),
(834, 'b34', '202101', 'Frais vestimentaire/représentation', '2021-01-08', '197.00'),
(835, 'b34', '202101', 'Taxi', '2021-01-19', '48.00'),
(836, 'b34', '202102', 'Achat de matériel de papeterie', '2021-02-20', '50.00'),
(837, 'b34', '202102', 'Achat de matériel de papeterie', '2021-02-26', '16.00'),
(838, 'b34', '202103', 'Taxi', '2021-03-11', '76.00'),
(839, 'b34', '202103', 'Rémunération intervenant/spécialiste', '2021-03-15', '409.00'),
(840, 'b34', '202103', 'Achat d\'espace publicitaire', '2021-03-25', '141.00'),
(841, 'b34', '202103', 'Achat d\'espace publicitaire', '2021-03-18', '51.00'),
(842, 'b34', '202104', 'Traiteur, alimentation, boisson', '2021-04-06', '146.00'),
(843, 'b34', '202104', 'Taxi', '2021-04-05', '55.00'),
(844, 'b34', '202105', 'Frais vestimentaire/représentation', '2021-05-05', '426.00'),
(845, 'b34', '202105', 'Location équipement vidéo/sonore', '2021-05-08', '581.00'),
(846, 'b34', '202105', 'Taxi', '2021-05-08', '56.00'),
(847, 'b34', '202106', 'Achat de matériel de papeterie', '2021-06-28', '17.00'),
(848, 'b34', '202106', 'Location véhicule', '2021-06-07', '58.00'),
(849, 'b34', '202106', 'Repas avec praticien', '2021-06-01', '50.00'),
(850, 'b34', '202106', 'Location équipement vidéo/sonore', '2021-06-22', '105.00'),
(851, 'b34', '202106', 'Traiteur, alimentation, boisson', '2021-06-04', '217.00'),
(852, 'b34', '202106', 'Rémunération intervenant/spécialiste', '2021-06-26', '322.00'),
(853, 'b34', '202107', 'Achat d\'espace publicitaire', '2021-07-17', '35.00'),
(854, 'b34', '202107', 'Rémunération intervenant/spécialiste', '2021-07-24', '558.00'),
(855, 'b34', '202107', 'Voyage SNCF', '2021-07-15', '82.00'),
(856, 'b34', '202107', 'Rémunération intervenant/spécialiste', '2021-07-10', '919.00'),
(857, 'b34', '202107', 'Repas avec praticien', '2021-07-10', '46.00'),
(858, 'b34', '202107', 'Location véhicule', '2021-07-25', '415.00'),
(859, 'b34', '202108', 'Location salle conférence', '2021-08-17', '221.00'),
(860, 'b34', '202109', 'Location salle conférence', '2021-09-28', '569.00'),
(861, 'b34', '202109', 'Repas avec praticien', '2021-09-24', '35.00'),
(862, 'b34', '202109', 'Repas avec praticien', '2021-09-27', '50.00'),
(863, 'b34', '202109', 'Achat d\'espace publicitaire', '2021-09-12', '138.00'),
(864, 'b34', '202110', 'Repas avec praticien', '2021-10-15', '36.00'),
(865, 'b34', '202110', 'Repas avec praticien', '2021-10-24', '42.00'),
(866, 'b34', '202111', 'Location véhicule', '2021-11-07', '273.00'),
(867, 'b34', '202111', 'Achat de matériel de papeterie', '2021-11-26', '26.00'),
(868, 'b34', '202112', 'Location véhicule', '2021-12-25', '82.00'),
(869, 'b34', '202112', 'Taxi', '2021-12-23', '26.00'),
(870, 'b34', '202112', 'Location équipement vidéo/sonore', '2021-12-01', '166.00'),
(871, 'b34', '202112', 'Rémunération intervenant/spécialiste', '2021-12-12', '1159.00'),
(872, 'b34', '202201', 'Achat de matériel de papeterie', '2022-01-01', '37.00'),
(873, 'b34', '202202', 'Repas avec praticien', '2022-02-11', '46.00'),
(874, 'b34', '202202', 'Taxi', '2022-02-23', '30.00'),
(875, 'b34', '202203', 'Achat de matériel de papeterie', '2022-03-18', '26.00'),
(876, 'b34', '202203', 'Frais vestimentaire/représentation', '2022-03-26', '90.00'),
(877, 'b34', '202203', 'Traiteur, alimentation, boisson', '2022-03-13', '92.00'),
(878, 'b34', '202203', 'Achat d\'espace publicitaire', '2022-03-04', '132.00'),
(879, 'b34', '202203', 'Voyage SNCF', '2022-03-12', '45.00'),
(880, 'b34', '202203', 'Location équipement vidéo/sonore', '2022-03-21', '284.00'),
(881, 'b34', '202204', 'Achat d\'espace publicitaire', '2022-04-25', '144.00'),
(882, 'b34', '202205', 'Voyage SNCF', '2022-05-21', '150.00'),
(883, 'b34', '202205', 'Achat d\'espace publicitaire', '2022-05-05', '43.00'),
(884, 'b34', '202205', 'Taxi', '2022-05-22', '72.00'),
(885, 'b34', '202205', 'Rémunération intervenant/spécialiste', '2022-05-16', '686.00'),
(886, 'b34', '202205', 'Taxi', '2022-05-25', '79.00'),
(887, 'b34', '202206', 'Achat d\'espace publicitaire', '2022-06-25', '143.00'),
(888, 'b34', '202206', 'Location salle conférence', '2022-06-27', '343.00'),
(889, 'b34', '202206', 'Rémunération intervenant/spécialiste', '2022-06-04', '674.00'),
(890, 'b34', '202206', 'Taxi', '2022-06-08', '49.00'),
(891, 'b34', '202206', 'Taxi', '2022-06-17', '43.00'),
(892, 'b34', '202206', 'Voyage SNCF', '2022-06-17', '33.00'),
(893, 'b34', '202207', 'Frais vestimentaire/représentation', '2022-07-23', '28.00'),
(894, 'b34', '202207', 'Location salle conférence', '2022-07-01', '280.00'),
(895, 'b34', '202207', 'Achat d\'espace publicitaire', '2022-07-26', '48.00'),
(896, 'b34', '202207', 'Taxi', '2022-07-25', '56.00'),
(897, 'b34', '202208', 'Repas avec praticien', '2022-08-08', '39.00'),
(898, 'b34', '202208', 'Frais vestimentaire/représentation', '2022-08-12', '242.00'),
(899, 'b34', '202208', 'Achat de matériel de papeterie', '2022-08-24', '14.00'),
(900, 'b34', '202209', 'Rémunération intervenant/spécialiste', '2022-09-27', '802.00'),
(901, 'b34', '202209', 'Repas avec praticien', '2022-09-12', '49.00'),
(902, 'b34', '202209', 'Rémunération intervenant/spécialiste', '2022-09-25', '266.00'),
(903, 'b4', '202009', 'Taxi', '2020-09-13', '55.00'),
(904, 'b4', '202009', 'Traiteur, alimentation, boisson', '2020-09-15', '167.00'),
(905, 'b4', '202010', 'Voyage SNCF', '2020-10-03', '34.00'),
(906, 'b4', '202011', 'Rémunération intervenant/spécialiste', '2020-11-15', '1063.00'),
(907, 'b4', '202011', 'Location équipement vidéo/sonore', '2020-11-24', '665.00'),
(908, 'b4', '202012', 'Repas avec praticien', '2020-12-11', '49.00'),
(909, 'b4', '202101', 'Repas avec praticien', '2021-01-12', '46.00'),
(910, 'b4', '202101', 'Traiteur, alimentation, boisson', '2021-01-15', '335.00'),
(911, 'b4', '202102', 'Location salle conférence', '2021-02-11', '555.00'),
(912, 'b4', '202102', 'Location salle conférence', '2021-02-24', '594.00'),
(913, 'b4', '202102', 'Achat de matériel de papeterie', '2021-02-01', '48.00'),
(914, 'b4', '202102', 'Achat d\'espace publicitaire', '2021-02-07', '124.00'),
(915, 'b4', '202102', 'Traiteur, alimentation, boisson', '2021-02-27', '279.00'),
(916, 'b4', '202102', 'Achat de matériel de papeterie', '2021-02-01', '41.00'),
(917, 'b4', '202103', 'Repas avec praticien', '2021-03-11', '40.00'),
(918, 'b4', '202103', 'Achat de matériel de papeterie', '2021-03-13', '11.00'),
(919, 'b4', '202103', 'Achat de matériel de papeterie', '2021-03-12', '11.00'),
(920, 'b4', '202103', 'Traiteur, alimentation, boisson', '2021-03-28', '364.00'),
(921, 'b4', '202103', 'Achat de matériel de papeterie', '2021-03-03', '47.00'),
(922, 'b4', '202103', 'Rémunération intervenant/spécialiste', '2021-03-23', '970.00'),
(923, 'b4', '202104', 'Rémunération intervenant/spécialiste', '2021-04-24', '680.00'),
(924, 'b4', '202104', 'Achat de matériel de papeterie', '2021-04-10', '38.00'),
(925, 'b4', '202104', 'Location véhicule', '2021-04-08', '201.00'),
(926, 'b4', '202105', 'Traiteur, alimentation, boisson', '2021-05-11', '324.00'),
(927, 'b4', '202106', 'Location équipement vidéo/sonore', '2021-06-03', '282.00'),
(928, 'b4', '202107', 'Repas avec praticien', '2021-07-20', '49.00'),
(929, 'b4', '202108', 'Location équipement vidéo/sonore', '2021-08-01', '410.00'),
(930, 'b4', '202109', 'Traiteur, alimentation, boisson', '2021-09-08', '196.00'),
(931, 'b4', '202110', 'Achat d\'espace publicitaire', '2021-10-14', '75.00'),
(932, 'b4', '202110', 'Repas avec praticien', '2021-10-27', '31.00'),
(933, 'b4', '202110', 'Voyage SNCF', '2021-10-25', '92.00'),
(934, 'b4', '202110', 'Achat d\'espace publicitaire', '2021-10-04', '22.00'),
(935, 'b4', '202110', 'Location équipement vidéo/sonore', '2021-10-19', '125.00'),
(936, 'b4', '202111', 'Voyage SNCF', '2021-11-11', '88.00'),
(937, 'b4', '202111', 'Frais vestimentaire/représentation', '2021-11-17', '251.00'),
(938, 'b4', '202112', 'Location équipement vidéo/sonore', '2021-12-22', '675.00'),
(939, 'b4', '202201', 'Repas avec praticien', '2022-01-27', '31.00'),
(940, 'b4', '202202', 'Voyage SNCF', '2022-02-12', '112.00'),
(941, 'b4', '202202', 'Location véhicule', '2022-02-03', '68.00'),
(942, 'b4', '202202', 'Location salle conférence', '2022-02-20', '610.00'),
(943, 'b4', '202203', 'Location salle conférence', '2022-03-05', '356.00'),
(944, 'b4', '202203', 'Taxi', '2022-03-04', '51.00'),
(945, 'b4', '202203', 'Frais vestimentaire/représentation', '2022-03-09', '55.00'),
(946, 'b4', '202204', 'Taxi', '2022-04-11', '75.00'),
(947, 'b4', '202204', 'Achat d\'espace publicitaire', '2022-04-07', '105.00'),
(948, 'b4', '202204', 'Rémunération intervenant/spécialiste', '2022-04-16', '914.00'),
(949, 'b4', '202205', 'Repas avec praticien', '2022-05-26', '33.00'),
(950, 'b4', '202205', 'Taxi', '2022-05-26', '64.00'),
(951, 'b4', '202205', 'Location véhicule', '2022-05-10', '88.00'),
(952, 'b4', '202206', 'Frais vestimentaire/représentation', '2022-06-24', '396.00'),
(953, 'b4', '202206', 'Location salle conférence', '2022-06-20', '132.00'),
(954, 'b4', '202206', 'Location équipement vidéo/sonore', '2022-06-09', '172.00'),
(955, 'b4', '202206', 'Rémunération intervenant/spécialiste', '2022-06-18', '905.00'),
(956, 'b4', '202206', 'Voyage SNCF', '2022-06-16', '75.00'),
(957, 'b4', '202207', 'Location salle conférence', '2022-07-16', '331.00'),
(958, 'b4', '202207', 'Taxi', '2022-07-14', '50.00'),
(959, 'b4', '202207', 'Location véhicule', '2022-07-10', '267.00'),
(960, 'b4', '202207', 'Rémunération intervenant/spécialiste', '2022-07-26', '564.00'),
(961, 'b4', '202207', 'Traiteur, alimentation, boisson', '2022-07-01', '307.00'),
(962, 'b4', '202208', 'Voyage SNCF', '2022-08-03', '134.00'),
(963, 'b4', '202208', 'Rémunération intervenant/spécialiste', '2022-08-13', '513.00'),
(964, 'b4', '202208', 'Repas avec praticien', '2022-08-21', '49.00'),
(965, 'b4', '202208', 'Location équipement vidéo/sonore', '2022-08-06', '192.00'),
(966, 'b4', '202209', 'Achat d\'espace publicitaire', '2022-09-03', '149.00'),
(967, 'b50', '202009', 'Voyage SNCF', '2020-09-24', '142.00'),
(968, 'b50', '202010', 'Traiteur, alimentation, boisson', '2020-10-02', '218.00'),
(969, 'b50', '202010', 'Achat de matériel de papeterie', '2020-10-20', '29.00'),
(970, 'b50', '202010', 'Taxi', '2020-10-01', '37.00'),
(971, 'b50', '202010', 'Frais vestimentaire/représentation', '2020-10-10', '368.00'),
(972, 'b50', '202010', 'Traiteur, alimentation, boisson', '2020-10-12', '254.00'),
(973, 'b50', '202010', 'Frais vestimentaire/représentation', '2020-10-27', '267.00'),
(974, 'b50', '202011', 'Repas avec praticien', '2020-11-08', '47.00'),
(975, 'b50', '202011', 'Traiteur, alimentation, boisson', '2020-11-07', '382.00'),
(976, 'b50', '202011', 'Frais vestimentaire/représentation', '2020-11-21', '111.00'),
(977, 'b50', '202011', 'Achat d\'espace publicitaire', '2020-11-06', '123.00'),
(978, 'b50', '202011', 'Location véhicule', '2020-11-28', '206.00'),
(979, 'b50', '202011', 'Achat d\'espace publicitaire', '2020-11-11', '129.00'),
(980, 'b50', '202012', 'Achat d\'espace publicitaire', '2020-12-17', '63.00'),
(981, 'b50', '202101', 'Repas avec praticien', '2021-01-20', '36.00'),
(982, 'b50', '202101', 'Frais vestimentaire/représentation', '2021-01-28', '180.00'),
(983, 'b50', '202101', 'Location équipement vidéo/sonore', '2021-01-12', '731.00'),
(984, 'b50', '202101', 'Rémunération intervenant/spécialiste', '2021-01-26', '840.00'),
(985, 'b50', '202102', 'Voyage SNCF', '2021-02-17', '131.00'),
(986, 'b50', '202103', 'Location équipement vidéo/sonore', '2021-03-23', '175.00'),
(987, 'b50', '202103', 'Rémunération intervenant/spécialiste', '2021-03-06', '404.00'),
(988, 'b50', '202103', 'Traiteur, alimentation, boisson', '2021-03-23', '240.00'),
(989, 'b50', '202103', 'Frais vestimentaire/représentation', '2021-03-11', '305.00'),
(990, 'b50', '202103', 'Traiteur, alimentation, boisson', '2021-03-21', '154.00'),
(991, 'b50', '202104', 'Location salle conférence', '2021-04-04', '381.00'),
(992, 'b50', '202104', 'Repas avec praticien', '2021-04-17', '47.00'),
(993, 'b50', '202104', 'Location équipement vidéo/sonore', '2021-04-08', '762.00'),
(994, 'b50', '202104', 'Taxi', '2021-04-01', '31.00'),
(995, 'b50', '202104', 'Frais vestimentaire/représentation', '2021-04-11', '154.00'),
(996, 'b50', '202104', 'Repas avec praticien', '2021-04-20', '47.00'),
(997, 'b50', '202105', 'Repas avec praticien', '2021-05-09', '49.00'),
(998, 'b50', '202106', 'Taxi', '2021-06-17', '30.00'),
(999, 'b50', '202106', 'Voyage SNCF', '2021-06-27', '120.00'),
(1000, 'b50', '202107', 'Traiteur, alimentation, boisson', '2021-07-07', '448.00'),
(1001, 'b50', '202108', 'Voyage SNCF', '2021-08-27', '47.00'),
(1002, 'b50', '202108', 'Repas avec praticien', '2021-08-17', '35.00'),
(1003, 'b50', '202108', 'Rémunération intervenant/spécialiste', '2021-08-03', '603.00'),
(1004, 'b50', '202108', 'Taxi', '2021-08-17', '77.00'),
(1005, 'b50', '202108', 'Location véhicule', '2021-08-17', '313.00'),
(1006, 'b50', '202109', 'Frais vestimentaire/représentation', '2021-09-09', '298.00'),
(1007, 'b50', '202109', 'Traiteur, alimentation, boisson', '2021-09-04', '198.00'),
(1008, 'b50', '202109', 'Repas avec praticien', '2021-09-28', '37.00'),
(1009, 'b50', '202109', 'Traiteur, alimentation, boisson', '2021-09-13', '394.00'),
(1010, 'b50', '202110', 'Achat d\'espace publicitaire', '2021-10-15', '124.00'),
(1011, 'b50', '202110', 'Voyage SNCF', '2021-10-14', '142.00'),
(1012, 'b50', '202111', 'Achat d\'espace publicitaire', '2021-11-18', '52.00'),
(1013, 'b50', '202111', 'Voyage SNCF', '2021-11-24', '148.00'),
(1014, 'b50', '202111', 'Rémunération intervenant/spécialiste', '2021-11-04', '828.00'),
(1015, 'b50', '202111', 'Location véhicule', '2021-11-13', '349.00'),
(1016, 'b50', '202112', 'Achat de matériel de papeterie', '2021-12-07', '48.00'),
(1017, 'b50', '202112', 'Voyage SNCF', '2021-12-26', '99.00'),
(1018, 'b50', '202112', 'Achat de matériel de papeterie', '2021-12-06', '44.00'),
(1019, 'b50', '202112', 'Achat d\'espace publicitaire', '2021-12-11', '131.00'),
(1020, 'b50', '202201', 'Taxi', '2022-01-24', '42.00'),
(1021, 'b50', '202201', 'Location équipement vidéo/sonore', '2022-01-05', '245.00'),
(1022, 'b50', '202201', 'Repas avec praticien', '2022-01-03', '44.00'),
(1023, 'b50', '202201', 'Repas avec praticien', '2022-01-14', '37.00'),
(1024, 'b50', '202201', 'Location véhicule', '2022-01-15', '305.00'),
(1025, 'b50', '202202', 'Traiteur, alimentation, boisson', '2022-02-25', '217.00'),
(1026, 'b50', '202202', 'Taxi', '2022-02-23', '56.00'),
(1027, 'b50', '202202', 'Location véhicule', '2022-02-02', '327.00'),
(1028, 'b50', '202203', 'Location équipement vidéo/sonore', '2022-03-09', '676.00'),
(1029, 'b50', '202203', 'Rémunération intervenant/spécialiste', '2022-03-24', '468.00'),
(1030, 'b50', '202204', 'Repas avec praticien', '2022-04-05', '49.00'),
(1031, 'b50', '202204', 'Rémunération intervenant/spécialiste', '2022-04-25', '1181.00'),
(1032, 'b50', '202205', 'Achat d\'espace publicitaire', '2022-05-15', '48.00'),
(1033, 'b50', '202205', 'Repas avec praticien', '2022-05-05', '50.00'),
(1034, 'b50', '202205', 'Frais vestimentaire/représentation', '2022-05-13', '291.00'),
(1035, 'b50', '202205', 'Rémunération intervenant/spécialiste', '2022-05-09', '462.00'),
(1036, 'b50', '202206', 'Location véhicule', '2022-06-25', '148.00'),
(1037, 'b50', '202206', 'Traiteur, alimentation, boisson', '2022-06-22', '82.00'),
(1038, 'b50', '202206', 'Taxi', '2022-06-25', '24.00'),
(1039, 'b50', '202206', 'Repas avec praticien', '2022-06-20', '36.00'),
(1040, 'b50', '202206', 'Achat de matériel de papeterie', '2022-06-20', '21.00'),
(1041, 'b50', '202207', 'Traiteur, alimentation, boisson', '2022-07-05', '258.00'),
(1042, 'b50', '202207', 'Achat de matériel de papeterie', '2022-07-10', '33.00'),
(1043, 'b50', '202207', 'Frais vestimentaire/représentation', '2022-07-22', '417.00'),
(1044, 'b50', '202207', 'Achat de matériel de papeterie', '2022-07-21', '18.00'),
(1045, 'b50', '202207', 'Rémunération intervenant/spécialiste', '2022-07-27', '508.00'),
(1046, 'b50', '202207', 'Voyage SNCF', '2022-07-25', '125.00'),
(1047, 'b50', '202208', 'Achat de matériel de papeterie', '2022-08-23', '18.00'),
(1048, 'b50', '202208', 'Location équipement vidéo/sonore', '2022-08-26', '740.00'),
(1049, 'b50', '202208', 'Rémunération intervenant/spécialiste', '2022-08-08', '385.00'),
(1050, 'b50', '202208', 'Taxi', '2022-08-05', '26.00'),
(1051, 'b50', '202209', 'Voyage SNCF', '2022-09-04', '62.00'),
(1052, 'b59', '202009', 'Location salle conférence', '2020-09-17', '592.00'),
(1053, 'b59', '202009', 'Traiteur, alimentation, boisson', '2020-09-16', '262.00'),
(1054, 'b59', '202010', 'Voyage SNCF', '2020-10-23', '129.00'),
(1055, 'b59', '202010', 'Achat de matériel de papeterie', '2020-10-05', '44.00'),
(1056, 'b59', '202010', 'Traiteur, alimentation, boisson', '2020-10-18', '87.00'),
(1057, 'b59', '202010', 'Location équipement vidéo/sonore', '2020-10-26', '186.00'),
(1058, 'b59', '202010', 'Achat de matériel de papeterie', '2020-10-25', '50.00'),
(1059, 'b59', '202010', 'Repas avec praticien', '2020-10-11', '38.00'),
(1060, 'b59', '202011', 'Repas avec praticien', '2020-11-21', '45.00'),
(1061, 'b59', '202012', 'Achat d\'espace publicitaire', '2020-12-11', '87.00'),
(1062, 'b59', '202012', 'Location salle conférence', '2020-12-20', '462.00'),
(1063, 'b59', '202012', 'Rémunération intervenant/spécialiste', '2020-12-22', '484.00'),
(1064, 'b59', '202101', 'Voyage SNCF', '2021-01-26', '60.00'),
(1065, 'b59', '202101', 'Taxi', '2021-01-06', '75.00'),
(1066, 'b59', '202101', 'Location véhicule', '2021-01-10', '271.00'),
(1067, 'b59', '202101', 'Achat d\'espace publicitaire', '2021-01-19', '85.00'),
(1068, 'b59', '202101', 'Location véhicule', '2021-01-12', '191.00'),
(1069, 'b59', '202102', 'Location véhicule', '2021-02-14', '208.00'),
(1070, 'b59', '202103', 'Voyage SNCF', '2021-03-25', '44.00'),
(1071, 'b59', '202104', 'Taxi', '2021-04-26', '39.00'),
(1072, 'b59', '202104', 'Repas avec praticien', '2021-04-04', '37.00'),
(1073, 'b59', '202104', 'Location salle conférence', '2021-04-13', '356.00'),
(1074, 'b59', '202104', 'Location véhicule', '2021-04-06', '214.00'),
(1075, 'b59', '202105', 'Taxi', '2021-05-25', '48.00'),
(1076, 'b59', '202105', 'Traiteur, alimentation, boisson', '2021-05-27', '114.00'),
(1077, 'b59', '202105', 'Traiteur, alimentation, boisson', '2021-05-16', '227.00'),
(1078, 'b59', '202105', 'Location salle conférence', '2021-05-28', '284.00'),
(1079, 'b59', '202105', 'Taxi', '2021-05-08', '36.00'),
(1080, 'b59', '202106', 'Achat de matériel de papeterie', '2021-06-02', '15.00'),
(1081, 'b59', '202106', 'Taxi', '2021-06-06', '55.00'),
(1082, 'b59', '202106', 'Location véhicule', '2021-06-15', '425.00'),
(1083, 'b59', '202106', 'Location équipement vidéo/sonore', '2021-06-21', '776.00'),
(1084, 'b59', '202107', 'Location véhicule', '2021-07-04', '191.00'),
(1085, 'b59', '202107', 'Repas avec praticien', '2021-07-04', '46.00'),
(1086, 'b59', '202107', 'Rémunération intervenant/spécialiste', '2021-07-05', '847.00'),
(1087, 'b59', '202107', 'Voyage SNCF', '2021-07-06', '31.00'),
(1088, 'b59', '202108', 'Voyage SNCF', '2021-08-24', '63.00'),
(1089, 'b59', '202108', 'Repas avec praticien', '2021-08-03', '46.00'),
(1090, 'b59', '202108', 'Taxi', '2021-08-03', '33.00'),
(1091, 'b59', '202108', 'Taxi', '2021-08-18', '27.00'),
(1092, 'b59', '202108', 'Location salle conférence', '2021-08-26', '194.00'),
(1093, 'b59', '202109', 'Taxi', '2021-09-11', '32.00'),
(1094, 'b59', '202109', 'Location équipement vidéo/sonore', '2021-09-18', '760.00'),
(1095, 'b59', '202109', 'Taxi', '2021-09-04', '56.00'),
(1096, 'b59', '202110', 'Rémunération intervenant/spécialiste', '2021-10-22', '510.00'),
(1097, 'b59', '202110', 'Frais vestimentaire/représentation', '2021-10-18', '261.00'),
(1098, 'b59', '202110', 'Achat d\'espace publicitaire', '2021-10-04', '103.00'),
(1099, 'b59', '202110', 'Location équipement vidéo/sonore', '2021-10-02', '197.00'),
(1100, 'b59', '202110', 'Repas avec praticien', '2021-10-26', '32.00'),
(1101, 'b59', '202110', 'Location véhicule', '2021-10-04', '32.00'),
(1102, 'b59', '202111', 'Traiteur, alimentation, boisson', '2021-11-14', '214.00'),
(1103, 'b59', '202112', 'Location équipement vidéo/sonore', '2021-12-25', '138.00'),
(1104, 'b59', '202112', 'Location salle conférence', '2021-12-06', '614.00'),
(1105, 'b59', '202112', 'Achat d\'espace publicitaire', '2021-12-01', '36.00'),
(1106, 'b59', '202201', 'Location équipement vidéo/sonore', '2022-01-05', '147.00'),
(1107, 'b59', '202201', 'Frais vestimentaire/représentation', '2022-01-03', '247.00'),
(1108, 'b59', '202201', 'Taxi', '2022-01-26', '53.00'),
(1109, 'b59', '202201', 'Location véhicule', '2022-01-21', '442.00'),
(1110, 'b59', '202201', 'Achat de matériel de papeterie', '2022-01-13', '26.00'),
(1111, 'b59', '202201', 'Achat de matériel de papeterie', '2022-01-01', '46.00'),
(1112, 'b59', '202202', 'Location équipement vidéo/sonore', '2022-02-19', '395.00'),
(1113, 'b59', '202202', 'Achat de matériel de papeterie', '2022-02-28', '15.00'),
(1114, 'b59', '202202', 'Repas avec praticien', '2022-02-20', '39.00'),
(1115, 'b59', '202202', 'Achat de matériel de papeterie', '2022-02-19', '13.00'),
(1116, 'b59', '202202', 'Rémunération intervenant/spécialiste', '2022-02-28', '561.00'),
(1117, 'b59', '202203', 'Voyage SNCF', '2022-03-23', '105.00'),
(1118, 'b59', '202203', 'Location salle conférence', '2022-03-11', '629.00'),
(1119, 'b59', '202203', 'Achat d\'espace publicitaire', '2022-03-19', '70.00'),
(1120, 'b59', '202203', 'Achat de matériel de papeterie', '2022-03-13', '19.00'),
(1121, 'b59', '202203', 'Achat de matériel de papeterie', '2022-03-14', '27.00'),
(1122, 'b59', '202203', 'Voyage SNCF', '2022-03-26', '90.00'),
(1123, 'b59', '202204', 'Frais vestimentaire/représentation', '2022-04-10', '107.00'),
(1124, 'b59', '202204', 'Repas avec praticien', '2022-04-08', '35.00'),
(1125, 'b59', '202204', 'Voyage SNCF', '2022-04-12', '61.00'),
(1126, 'b59', '202205', 'Taxi', '2022-05-16', '22.00'),
(1127, 'b59', '202205', 'Location équipement vidéo/sonore', '2022-05-04', '128.00'),
(1128, 'b59', '202205', 'Achat de matériel de papeterie', '2022-05-23', '12.00'),
(1129, 'b59', '202206', 'Location salle conférence', '2022-06-18', '327.00'),
(1130, 'b59', '202206', 'Location salle conférence', '2022-06-10', '273.00'),
(1131, 'b59', '202206', 'Repas avec praticien', '2022-06-22', '44.00'),
(1132, 'b59', '202206', 'Frais vestimentaire/représentation', '2022-06-09', '50.00'),
(1133, 'b59', '202206', 'Repas avec praticien', '2022-06-24', '48.00'),
(1134, 'b59', '202207', 'Achat de matériel de papeterie', '2022-07-22', '10.00'),
(1135, 'b59', '202208', 'Repas avec praticien', '2022-08-20', '40.00'),
(1136, 'b59', '202208', 'Achat de matériel de papeterie', '2022-08-08', '26.00'),
(1137, 'b59', '202208', 'Frais vestimentaire/représentation', '2022-08-01', '56.00'),
(1138, 'b59', '202208', 'Repas avec praticien', '2022-08-17', '43.00'),
(1139, 'b59', '202209', 'Voyage SNCF', '2022-09-10', '149.00'),
(1140, 'b59', '202209', 'Location équipement vidéo/sonore', '2022-09-09', '823.00'),
(1141, 'b59', '202209', 'Rémunération intervenant/spécialiste', '2022-09-10', '777.00'),
(1142, 'c14', '202009', 'Achat de matériel de papeterie', '2020-09-02', '14.00'),
(1143, 'c14', '202009', 'Location véhicule', '2020-09-03', '233.00'),
(1144, 'c14', '202009', 'Location véhicule', '2020-09-27', '218.00'),
(1145, 'c14', '202010', 'Location véhicule', '2020-10-02', '138.00'),
(1146, 'c14', '202010', 'Frais vestimentaire/représentation', '2020-10-09', '222.00'),
(1147, 'c14', '202010', 'Achat de matériel de papeterie', '2020-10-15', '18.00'),
(1148, 'c14', '202010', 'Voyage SNCF', '2020-10-04', '129.00'),
(1149, 'c14', '202011', 'Rémunération intervenant/spécialiste', '2020-11-03', '337.00'),
(1150, 'c14', '202011', 'Location salle conférence', '2020-11-12', '484.00'),
(1151, 'c14', '202011', 'Taxi', '2020-11-20', '25.00'),
(1152, 'c14', '202011', 'Frais vestimentaire/représentation', '2020-11-22', '305.00'),
(1153, 'c14', '202011', 'Location véhicule', '2020-11-10', '83.00'),
(1154, 'c14', '202011', 'Location équipement vidéo/sonore', '2020-11-18', '690.00'),
(1155, 'c14', '202012', 'Achat d\'espace publicitaire', '2020-12-08', '134.00'),
(1156, 'c14', '202012', 'Location véhicule', '2020-12-12', '216.00'),
(1157, 'c14', '202012', 'Repas avec praticien', '2020-12-22', '39.00'),
(1158, 'c14', '202012', 'Traiteur, alimentation, boisson', '2020-12-23', '72.00'),
(1159, 'c14', '202101', 'Frais vestimentaire/représentation', '2021-01-23', '222.00'),
(1160, 'c14', '202101', 'Taxi', '2021-01-02', '53.00'),
(1161, 'c14', '202101', 'Achat d\'espace publicitaire', '2021-01-10', '120.00'),
(1162, 'c14', '202101', 'Location équipement vidéo/sonore', '2021-01-13', '111.00'),
(1163, 'c14', '202102', 'Location salle conférence', '2021-02-17', '328.00'),
(1164, 'c14', '202102', 'Achat d\'espace publicitaire', '2021-02-21', '148.00'),
(1165, 'c14', '202103', 'Achat de matériel de papeterie', '2021-03-03', '19.00'),
(1166, 'c14', '202103', 'Achat d\'espace publicitaire', '2021-03-21', '80.00'),
(1167, 'c14', '202103', 'Rémunération intervenant/spécialiste', '2021-03-24', '865.00'),
(1168, 'c14', '202103', 'Repas avec praticien', '2021-03-03', '36.00'),
(1169, 'c14', '202104', 'Location équipement vidéo/sonore', '2021-04-25', '832.00'),
(1170, 'c14', '202104', 'Traiteur, alimentation, boisson', '2021-04-08', '413.00'),
(1171, 'c14', '202104', 'Frais vestimentaire/représentation', '2021-04-07', '290.00'),
(1172, 'c14', '202104', 'Location véhicule', '2021-04-19', '394.00'),
(1173, 'c14', '202104', 'Achat d\'espace publicitaire', '2021-04-05', '88.00'),
(1174, 'c14', '202105', 'Achat d\'espace publicitaire', '2021-05-07', '137.00'),
(1175, 'c14', '202106', 'Traiteur, alimentation, boisson', '2021-06-06', '115.00'),
(1176, 'c14', '202106', 'Taxi', '2021-06-20', '29.00'),
(1177, 'c14', '202106', 'Achat de matériel de papeterie', '2021-06-28', '26.00'),
(1178, 'c14', '202107', 'Taxi', '2021-07-24', '30.00'),
(1179, 'c14', '202107', 'Location salle conférence', '2021-07-06', '507.00'),
(1180, 'c14', '202107', 'Location salle conférence', '2021-07-20', '172.00'),
(1181, 'c14', '202107', 'Rémunération intervenant/spécialiste', '2021-07-04', '877.00'),
(1182, 'c14', '202108', 'Traiteur, alimentation, boisson', '2021-08-15', '342.00'),
(1183, 'c14', '202109', 'Traiteur, alimentation, boisson', '2021-09-07', '96.00'),
(1184, 'c14', '202109', 'Achat d\'espace publicitaire', '2021-09-07', '35.00'),
(1185, 'c14', '202109', 'Location véhicule', '2021-09-23', '139.00'),
(1186, 'c14', '202110', 'Location salle conférence', '2021-10-28', '226.00'),
(1187, 'c14', '202110', 'Achat d\'espace publicitaire', '2021-10-02', '52.00'),
(1188, 'c14', '202110', 'Location véhicule', '2021-10-15', '106.00'),
(1189, 'c14', '202111', 'Rémunération intervenant/spécialiste', '2021-11-24', '665.00'),
(1190, 'c14', '202111', 'Achat d\'espace publicitaire', '2021-11-26', '49.00'),
(1191, 'c14', '202111', 'Traiteur, alimentation, boisson', '2021-11-11', '55.00'),
(1192, 'c14', '202111', 'Traiteur, alimentation, boisson', '2021-11-27', '122.00'),
(1193, 'c14', '202112', 'Achat d\'espace publicitaire', '2021-12-25', '27.00'),
(1194, 'c14', '202112', 'Achat de matériel de papeterie', '2021-12-11', '16.00'),
(1195, 'c14', '202201', 'Location équipement vidéo/sonore', '2022-01-01', '182.00'),
(1196, 'c14', '202201', 'Achat de matériel de papeterie', '2022-01-06', '21.00'),
(1197, 'c14', '202202', 'Rémunération intervenant/spécialiste', '2022-02-03', '837.00'),
(1198, 'c14', '202202', 'Frais vestimentaire/représentation', '2022-02-08', '448.00'),
(1199, 'c14', '202202', 'Taxi', '2022-02-27', '35.00'),
(1200, 'c14', '202203', 'Frais vestimentaire/représentation', '2022-03-27', '265.00'),
(1201, 'c14', '202204', 'Location équipement vidéo/sonore', '2022-04-21', '569.00'),
(1202, 'c14', '202204', 'Achat de matériel de papeterie', '2022-04-01', '45.00'),
(1203, 'c14', '202204', 'Achat de matériel de papeterie', '2022-04-23', '25.00'),
(1204, 'c14', '202204', 'Location salle conférence', '2022-04-22', '389.00'),
(1205, 'c14', '202204', 'Taxi', '2022-04-17', '28.00'),
(1206, 'c14', '202204', 'Rémunération intervenant/spécialiste', '2022-04-25', '341.00'),
(1207, 'c14', '202205', 'Location salle conférence', '2022-05-28', '450.00'),
(1208, 'c14', '202205', 'Repas avec praticien', '2022-05-18', '50.00'),
(1209, 'c14', '202205', 'Location véhicule', '2022-05-16', '173.00'),
(1210, 'c14', '202205', 'Achat d\'espace publicitaire', '2022-05-22', '107.00'),
(1211, 'c14', '202206', 'Location salle conférence', '2022-06-06', '644.00'),
(1212, 'c14', '202206', 'Achat de matériel de papeterie', '2022-06-07', '10.00'),
(1213, 'c14', '202206', 'Traiteur, alimentation, boisson', '2022-06-21', '418.00'),
(1214, 'c14', '202206', 'Achat de matériel de papeterie', '2022-06-04', '11.00'),
(1215, 'c14', '202207', 'Traiteur, alimentation, boisson', '2022-07-09', '316.00'),
(1216, 'c14', '202207', 'Voyage SNCF', '2022-07-16', '51.00'),
(1217, 'c14', '202207', 'Rémunération intervenant/spécialiste', '2022-07-13', '864.00'),
(1218, 'c14', '202207', 'Achat de matériel de papeterie', '2022-07-08', '33.00'),
(1219, 'c14', '202208', 'Location équipement vidéo/sonore', '2022-08-05', '150.00'),
(1220, 'c14', '202208', 'Location véhicule', '2022-08-23', '208.00'),
(1221, 'c14', '202208', 'Taxi', '2022-08-03', '57.00'),
(1222, 'c14', '202209', 'Achat d\'espace publicitaire', '2022-09-09', '80.00'),
(1223, 'c14', '202209', 'Achat d\'espace publicitaire', '2022-09-23', '79.00'),
(1224, 'c14', '202209', 'Repas avec praticien', '2022-09-22', '37.00'),
(1225, 'c14', '202209', 'Taxi', '2022-09-22', '75.00'),
(1226, 'c14', '202209', 'Location équipement vidéo/sonore', '2022-09-02', '339.00'),
(1227, 'c3', '202009', 'Taxi', '2020-09-16', '69.00'),
(1228, 'c3', '202009', 'Location véhicule', '2020-09-26', '433.00'),
(1229, 'c3', '202009', 'Frais vestimentaire/représentation', '2020-09-21', '42.00'),
(1230, 'c3', '202009', 'Voyage SNCF', '2020-09-05', '76.00'),
(1231, 'c3', '202009', 'Location salle conférence', '2020-09-19', '191.00'),
(1232, 'c3', '202009', 'Taxi', '2020-09-18', '20.00'),
(1233, 'c3', '202010', 'Location salle conférence', '2020-10-04', '647.00'),
(1234, 'c3', '202010', 'Achat de matériel de papeterie', '2020-10-03', '11.00'),
(1235, 'c3', '202010', 'Voyage SNCF', '2020-10-19', '52.00'),
(1236, 'c3', '202011', 'Frais vestimentaire/représentation', '2020-11-23', '75.00'),
(1237, 'c3', '202011', 'Taxi', '2020-11-09', '26.00'),
(1238, 'c3', '202011', 'Frais vestimentaire/représentation', '2020-11-08', '198.00'),
(1239, 'c3', '202012', 'Location équipement vidéo/sonore', '2020-12-11', '614.00'),
(1240, 'c3', '202012', 'Repas avec praticien', '2020-12-03', '50.00'),
(1241, 'c3', '202012', 'Taxi', '2020-12-27', '41.00'),
(1242, 'c3', '202012', 'Achat d\'espace publicitaire', '2020-12-20', '50.00'),
(1243, 'c3', '202101', 'Repas avec praticien', '2021-01-23', '37.00'),
(1244, 'c3', '202101', 'Taxi', '2021-01-20', '43.00'),
(1245, 'c3', '202101', 'Traiteur, alimentation, boisson', '2021-01-23', '425.00'),
(1246, 'c3', '202101', 'Location équipement vidéo/sonore', '2021-01-27', '636.00'),
(1247, 'c3', '202102', 'Rémunération intervenant/spécialiste', '2021-02-22', '837.00'),
(1248, 'c3', '202102', 'Repas avec praticien', '2021-02-28', '49.00'),
(1249, 'c3', '202102', 'Repas avec praticien', '2021-02-09', '50.00'),
(1250, 'c3', '202102', 'Location véhicule', '2021-02-26', '262.00'),
(1251, 'c3', '202102', 'Achat de matériel de papeterie', '2021-02-03', '15.00'),
(1252, 'c3', '202103', 'Location équipement vidéo/sonore', '2021-03-11', '735.00'),
(1253, 'c3', '202103', 'Location salle conférence', '2021-03-08', '613.00'),
(1254, 'c3', '202103', 'Location véhicule', '2021-03-20', '34.00'),
(1255, 'c3', '202103', 'Repas avec praticien', '2021-03-07', '50.00'),
(1256, 'c3', '202104', 'Achat de matériel de papeterie', '2021-04-22', '46.00'),
(1257, 'c3', '202104', 'Traiteur, alimentation, boisson', '2021-04-24', '302.00'),
(1258, 'c3', '202104', 'Voyage SNCF', '2021-04-15', '34.00'),
(1259, 'c3', '202104', 'Traiteur, alimentation, boisson', '2021-04-03', '342.00'),
(1260, 'c3', '202104', 'Rémunération intervenant/spécialiste', '2021-04-27', '607.00'),
(1261, 'c3', '202105', 'Location équipement vidéo/sonore', '2021-05-12', '428.00'),
(1262, 'c3', '202105', 'Achat de matériel de papeterie', '2021-05-07', '29.00'),
(1263, 'c3', '202105', 'Rémunération intervenant/spécialiste', '2021-05-26', '317.00'),
(1264, 'c3', '202105', 'Achat d\'espace publicitaire', '2021-05-21', '73.00'),
(1265, 'c3', '202105', 'Achat de matériel de papeterie', '2021-05-27', '49.00'),
(1266, 'c3', '202106', 'Taxi', '2021-06-11', '45.00'),
(1267, 'c3', '202106', 'Taxi', '2021-06-14', '69.00'),
(1268, 'c3', '202106', 'Traiteur, alimentation, boisson', '2021-06-03', '310.00'),
(1269, 'c3', '202106', 'Frais vestimentaire/représentation', '2021-06-01', '423.00'),
(1270, 'c3', '202106', 'Achat de matériel de papeterie', '2021-06-04', '19.00'),
(1271, 'c3', '202106', 'Achat d\'espace publicitaire', '2021-06-14', '47.00'),
(1272, 'c3', '202107', 'Frais vestimentaire/représentation', '2021-07-03', '326.00'),
(1273, 'c3', '202108', 'Achat d\'espace publicitaire', '2021-08-20', '139.00'),
(1274, 'c3', '202108', 'Repas avec praticien', '2021-08-08', '36.00'),
(1275, 'c3', '202108', 'Taxi', '2021-08-08', '48.00'),
(1276, 'c3', '202108', 'Voyage SNCF', '2021-08-18', '65.00'),
(1277, 'c3', '202109', 'Traiteur, alimentation, boisson', '2021-09-16', '397.00'),
(1278, 'c3', '202109', 'Rémunération intervenant/spécialiste', '2021-09-07', '1127.00'),
(1279, 'c3', '202109', 'Location salle conférence', '2021-09-23', '495.00'),
(1280, 'c3', '202109', 'Rémunération intervenant/spécialiste', '2021-09-01', '351.00'),
(1281, 'c3', '202110', 'Traiteur, alimentation, boisson', '2021-10-28', '251.00'),
(1282, 'c3', '202110', 'Frais vestimentaire/représentation', '2021-10-19', '343.00'),
(1283, 'c3', '202111', 'Repas avec praticien', '2021-11-05', '31.00'),
(1284, 'c3', '202111', 'Achat de matériel de papeterie', '2021-11-10', '36.00'),
(1285, 'c3', '202112', 'Achat d\'espace publicitaire', '2021-12-14', '46.00'),
(1286, 'c3', '202112', 'Location salle conférence', '2021-12-15', '385.00'),
(1287, 'c3', '202112', 'Voyage SNCF', '2021-12-18', '138.00'),
(1288, 'c3', '202112', 'Taxi', '2021-12-05', '55.00'),
(1289, 'c3', '202201', 'Taxi', '2022-01-08', '36.00'),
(1290, 'c3', '202201', 'Repas avec praticien', '2022-01-25', '47.00'),
(1291, 'c3', '202201', 'Achat de matériel de papeterie', '2022-01-07', '29.00'),
(1292, 'c3', '202201', 'Achat de matériel de papeterie', '2022-01-12', '12.00'),
(1293, 'c3', '202201', 'Repas avec praticien', '2022-01-07', '32.00'),
(1294, 'c3', '202202', 'Achat de matériel de papeterie', '2022-02-28', '10.00'),
(1295, 'c3', '202202', 'Voyage SNCF', '2022-02-26', '74.00'),
(1296, 'c3', '202203', 'Traiteur, alimentation, boisson', '2022-03-09', '149.00'),
(1297, 'c3', '202203', 'Rémunération intervenant/spécialiste', '2022-03-11', '677.00'),
(1298, 'c3', '202204', 'Achat de matériel de papeterie', '2022-04-08', '28.00'),
(1299, 'c3', '202205', 'Rémunération intervenant/spécialiste', '2022-05-16', '496.00'),
(1300, 'c3', '202205', 'Location équipement vidéo/sonore', '2022-05-17', '621.00'),
(1301, 'c3', '202205', 'Location équipement vidéo/sonore', '2022-05-20', '761.00'),
(1302, 'c3', '202205', 'Location équipement vidéo/sonore', '2022-05-15', '846.00'),
(1303, 'c3', '202206', 'Achat de matériel de papeterie', '2022-06-20', '29.00'),
(1304, 'c3', '202207', 'Taxi', '2022-07-26', '49.00'),
(1305, 'c3', '202208', 'Location équipement vidéo/sonore', '2022-08-03', '684.00'),
(1306, 'c3', '202208', 'Location salle conférence', '2022-08-19', '564.00'),
(1307, 'c3', '202208', 'Achat de matériel de papeterie', '2022-08-24', '45.00'),
(1308, 'c3', '202209', 'Rémunération intervenant/spécialiste', '2022-09-06', '964.00'),
(1309, 'c3', '202209', 'Location salle conférence', '2022-09-13', '278.00'),
(1310, 'c3', '202209', 'Frais vestimentaire/représentation', '2022-09-01', '365.00'),
(1311, 'c54', '202009', 'Voyage SNCF', '2020-09-14', '105.00'),
(1312, 'c54', '202009', 'Location véhicule', '2020-09-03', '228.00'),
(1313, 'c54', '202009', 'Location salle conférence', '2020-09-14', '535.00'),
(1314, 'c54', '202010', 'Achat d\'espace publicitaire', '2020-10-09', '79.00'),
(1315, 'c54', '202010', 'Voyage SNCF', '2020-10-01', '64.00'),
(1316, 'c54', '202010', 'Location équipement vidéo/sonore', '2020-10-21', '643.00'),
(1317, 'c54', '202010', 'Taxi', '2020-10-09', '57.00'),
(1318, 'c54', '202010', 'Location équipement vidéo/sonore', '2020-10-19', '234.00'),
(1319, 'c54', '202011', 'Traiteur, alimentation, boisson', '2020-11-28', '137.00'),
(1320, 'c54', '202011', 'Achat de matériel de papeterie', '2020-11-02', '43.00'),
(1321, 'c54', '202012', 'Traiteur, alimentation, boisson', '2020-12-16', '185.00'),
(1322, 'c54', '202012', 'Achat de matériel de papeterie', '2020-12-04', '47.00'),
(1323, 'c54', '202012', 'Voyage SNCF', '2020-12-01', '76.00'),
(1324, 'c54', '202012', 'Location véhicule', '2020-12-14', '122.00'),
(1325, 'c54', '202012', 'Traiteur, alimentation, boisson', '2020-12-06', '324.00'),
(1326, 'c54', '202012', 'Location salle conférence', '2020-12-05', '244.00'),
(1327, 'c54', '202101', 'Achat de matériel de papeterie', '2021-01-19', '15.00'),
(1328, 'c54', '202101', 'Achat de matériel de papeterie', '2021-01-09', '11.00'),
(1329, 'c54', '202101', 'Rémunération intervenant/spécialiste', '2021-01-16', '1059.00'),
(1330, 'c54', '202102', 'Frais vestimentaire/représentation', '2021-02-08', '139.00'),
(1331, 'c54', '202102', 'Location véhicule', '2021-02-27', '369.00'),
(1332, 'c54', '202102', 'Location équipement vidéo/sonore', '2021-02-09', '114.00'),
(1333, 'c54', '202102', 'Location équipement vidéo/sonore', '2021-02-25', '787.00'),
(1334, 'c54', '202102', 'Voyage SNCF', '2021-02-15', '59.00'),
(1335, 'c54', '202103', 'Achat de matériel de papeterie', '2021-03-03', '12.00'),
(1336, 'c54', '202103', 'Repas avec praticien', '2021-03-25', '43.00'),
(1337, 'c54', '202103', 'Repas avec praticien', '2021-03-27', '30.00'),
(1338, 'c54', '202103', 'Location véhicule', '2021-03-05', '416.00'),
(1339, 'c54', '202104', 'Voyage SNCF', '2021-04-14', '102.00'),
(1340, 'c54', '202105', 'Repas avec praticien', '2021-05-25', '30.00'),
(1341, 'c54', '202105', 'Location équipement vidéo/sonore', '2021-05-02', '539.00'),
(1342, 'c54', '202106', 'Location véhicule', '2021-06-15', '81.00'),
(1343, 'c54', '202106', 'Traiteur, alimentation, boisson', '2021-06-02', '279.00'),
(1344, 'c54', '202106', 'Frais vestimentaire/représentation', '2021-06-17', '237.00'),
(1345, 'c54', '202107', 'Achat d\'espace publicitaire', '2021-07-19', '59.00'),
(1346, 'c54', '202107', 'Achat d\'espace publicitaire', '2021-07-02', '41.00'),
(1347, 'c54', '202107', 'Frais vestimentaire/représentation', '2021-07-13', '287.00'),
(1348, 'c54', '202107', 'Location salle conférence', '2021-07-23', '158.00'),
(1349, 'c54', '202107', 'Repas avec praticien', '2021-07-28', '48.00'),
(1350, 'c54', '202107', 'Rémunération intervenant/spécialiste', '2021-07-24', '1073.00'),
(1351, 'c54', '202108', 'Rémunération intervenant/spécialiste', '2021-08-16', '899.00'),
(1352, 'c54', '202108', 'Achat de matériel de papeterie', '2021-08-01', '13.00'),
(1353, 'c54', '202108', 'Achat de matériel de papeterie', '2021-08-14', '18.00');
INSERT INTO `lignefraishorsforfait` (`id`, `idvisiteur`, `mois`, `libelle`, `date`, `montant`) VALUES
(1354, 'c54', '202108', 'Achat de matériel de papeterie', '2021-08-10', '20.00'),
(1355, 'c54', '202108', 'Location équipement vidéo/sonore', '2021-08-11', '159.00'),
(1356, 'c54', '202109', 'Voyage SNCF', '2021-09-14', '57.00'),
(1357, 'c54', '202109', 'Location véhicule', '2021-09-10', '426.00'),
(1358, 'c54', '202109', 'Achat de matériel de papeterie', '2021-09-09', '30.00'),
(1359, 'c54', '202109', 'Taxi', '2021-09-07', '44.00'),
(1360, 'c54', '202109', 'Rémunération intervenant/spécialiste', '2021-09-22', '899.00'),
(1361, 'c54', '202109', 'Achat d\'espace publicitaire', '2021-09-19', '111.00'),
(1362, 'c54', '202110', 'Achat de matériel de papeterie', '2021-10-23', '42.00'),
(1363, 'c54', '202110', 'Repas avec praticien', '2021-10-26', '43.00'),
(1364, 'c54', '202110', 'Location salle conférence', '2021-10-28', '454.00'),
(1365, 'c54', '202111', 'Location véhicule', '2021-11-26', '372.00'),
(1366, 'c54', '202111', 'Location salle conférence', '2021-11-02', '191.00'),
(1367, 'c54', '202111', 'Location équipement vidéo/sonore', '2021-11-07', '341.00'),
(1368, 'c54', '202111', 'Voyage SNCF', '2021-11-26', '58.00'),
(1369, 'c54', '202111', 'Location équipement vidéo/sonore', '2021-11-23', '464.00'),
(1370, 'c54', '202112', 'Voyage SNCF', '2021-12-22', '47.00'),
(1371, 'c54', '202112', 'Frais vestimentaire/représentation', '2021-12-15', '28.00'),
(1372, 'c54', '202112', 'Location véhicule', '2021-12-21', '104.00'),
(1373, 'c54', '202201', 'Traiteur, alimentation, boisson', '2022-01-19', '101.00'),
(1374, 'c54', '202202', 'Rémunération intervenant/spécialiste', '2022-02-25', '896.00'),
(1375, 'c54', '202202', 'Voyage SNCF', '2022-02-26', '54.00'),
(1376, 'c54', '202203', 'Traiteur, alimentation, boisson', '2022-03-04', '200.00'),
(1377, 'c54', '202203', 'Frais vestimentaire/représentation', '2022-03-03', '430.00'),
(1378, 'c54', '202203', 'Achat de matériel de papeterie', '2022-03-27', '14.00'),
(1379, 'c54', '202203', 'Taxi', '2022-03-04', '63.00'),
(1380, 'c54', '202203', 'Achat de matériel de papeterie', '2022-03-04', '17.00'),
(1381, 'c54', '202203', 'Taxi', '2022-03-26', '80.00'),
(1382, 'c54', '202204', 'Achat de matériel de papeterie', '2022-04-15', '16.00'),
(1383, 'c54', '202204', 'Taxi', '2022-04-10', '45.00'),
(1384, 'c54', '202205', 'Location équipement vidéo/sonore', '2022-05-06', '450.00'),
(1385, 'c54', '202205', 'Achat d\'espace publicitaire', '2022-05-03', '132.00'),
(1386, 'c54', '202205', 'Traiteur, alimentation, boisson', '2022-05-12', '225.00'),
(1387, 'c54', '202206', 'Location salle conférence', '2022-06-16', '636.00'),
(1388, 'c54', '202206', 'Location équipement vidéo/sonore', '2022-06-20', '604.00'),
(1389, 'c54', '202206', 'Achat d\'espace publicitaire', '2022-06-27', '47.00'),
(1390, 'c54', '202206', 'Rémunération intervenant/spécialiste', '2022-06-21', '933.00'),
(1391, 'c54', '202206', 'Location véhicule', '2022-06-20', '109.00'),
(1392, 'c54', '202207', 'Taxi', '2022-07-05', '32.00'),
(1393, 'c54', '202207', 'Achat de matériel de papeterie', '2022-07-23', '28.00'),
(1394, 'c54', '202207', 'Achat de matériel de papeterie', '2022-07-19', '47.00'),
(1395, 'c54', '202207', 'Achat d\'espace publicitaire', '2022-07-10', '68.00'),
(1396, 'c54', '202207', 'Achat d\'espace publicitaire', '2022-07-10', '46.00'),
(1397, 'c54', '202208', 'Voyage SNCF', '2022-08-02', '58.00'),
(1398, 'c54', '202208', 'Taxi', '2022-08-18', '53.00'),
(1399, 'c54', '202208', 'Frais vestimentaire/représentation', '2022-08-09', '224.00'),
(1400, 'c54', '202209', 'Location salle conférence', '2022-09-12', '124.00'),
(1401, 'c54', '202209', 'Frais vestimentaire/représentation', '2022-09-16', '102.00'),
(1402, 'c54', '202209', 'Achat de matériel de papeterie', '2022-09-26', '29.00'),
(1403, 'c54', '202209', 'Voyage SNCF', '2022-09-19', '132.00'),
(1404, 'c54', '202209', 'Frais vestimentaire/représentation', '2022-09-10', '113.00'),
(1405, 'c54', '202209', 'Taxi', '2022-09-17', '51.00'),
(1406, 'd13', '202009', 'Location salle conférence', '2020-09-06', '608.00'),
(1407, 'd13', '202009', 'Location salle conférence', '2020-09-11', '287.00'),
(1408, 'd13', '202009', 'Frais vestimentaire/représentation', '2020-09-01', '147.00'),
(1409, 'd13', '202009', 'Traiteur, alimentation, boisson', '2020-09-17', '94.00'),
(1410, 'd13', '202009', 'Achat de matériel de papeterie', '2020-09-10', '11.00'),
(1411, 'd13', '202010', 'Location équipement vidéo/sonore', '2020-10-12', '841.00'),
(1412, 'd13', '202010', 'Frais vestimentaire/représentation', '2020-10-04', '108.00'),
(1413, 'd13', '202010', 'Rémunération intervenant/spécialiste', '2020-10-15', '916.00'),
(1414, 'd13', '202010', 'Location équipement vidéo/sonore', '2020-10-16', '701.00'),
(1415, 'd13', '202010', 'Traiteur, alimentation, boisson', '2020-10-18', '422.00'),
(1416, 'd13', '202010', 'Achat de matériel de papeterie', '2020-10-17', '34.00'),
(1417, 'd13', '202011', 'Achat de matériel de papeterie', '2020-11-27', '15.00'),
(1418, 'd13', '202011', 'Frais vestimentaire/représentation', '2020-11-26', '378.00'),
(1419, 'd13', '202012', 'Rémunération intervenant/spécialiste', '2020-12-08', '441.00'),
(1420, 'd13', '202012', 'Achat d\'espace publicitaire', '2020-12-17', '52.00'),
(1421, 'd13', '202101', 'Rémunération intervenant/spécialiste', '2021-01-06', '327.00'),
(1422, 'd13', '202101', 'Voyage SNCF', '2021-01-22', '124.00'),
(1423, 'd13', '202102', 'Location véhicule', '2021-02-13', '351.00'),
(1424, 'd13', '202103', 'Voyage SNCF', '2021-03-09', '33.00'),
(1425, 'd13', '202103', 'Location salle conférence', '2021-03-16', '402.00'),
(1426, 'd13', '202103', 'Location salle conférence', '2021-03-03', '360.00'),
(1427, 'd13', '202104', 'Rémunération intervenant/spécialiste', '2021-04-22', '355.00'),
(1428, 'd13', '202104', 'Achat d\'espace publicitaire', '2021-04-02', '20.00'),
(1429, 'd13', '202105', 'Location véhicule', '2021-05-01', '320.00'),
(1430, 'd13', '202105', 'Voyage SNCF', '2021-05-09', '42.00'),
(1431, 'd13', '202105', 'Location véhicule', '2021-05-11', '325.00'),
(1432, 'd13', '202105', 'Repas avec praticien', '2021-05-10', '42.00'),
(1433, 'd13', '202105', 'Taxi', '2021-05-05', '50.00'),
(1434, 'd13', '202106', 'Traiteur, alimentation, boisson', '2021-06-23', '160.00'),
(1435, 'd13', '202106', 'Rémunération intervenant/spécialiste', '2021-06-28', '1061.00'),
(1436, 'd13', '202106', 'Repas avec praticien', '2021-06-16', '47.00'),
(1437, 'd13', '202106', 'Location salle conférence', '2021-06-26', '448.00'),
(1438, 'd13', '202106', 'Location équipement vidéo/sonore', '2021-06-11', '541.00'),
(1439, 'd13', '202107', 'Rémunération intervenant/spécialiste', '2021-07-08', '724.00'),
(1440, 'd13', '202107', 'Taxi', '2021-07-13', '28.00'),
(1441, 'd13', '202107', 'Repas avec praticien', '2021-07-17', '50.00'),
(1442, 'd13', '202107', 'Repas avec praticien', '2021-07-20', '30.00'),
(1443, 'd13', '202107', 'Location salle conférence', '2021-07-18', '152.00'),
(1444, 'd13', '202108', 'Repas avec praticien', '2021-08-16', '39.00'),
(1445, 'd13', '202108', 'Voyage SNCF', '2021-08-13', '113.00'),
(1446, 'd13', '202109', 'Rémunération intervenant/spécialiste', '2021-09-13', '322.00'),
(1447, 'd13', '202109', 'Location véhicule', '2021-09-20', '188.00'),
(1448, 'd13', '202109', 'Voyage SNCF', '2021-09-14', '118.00'),
(1449, 'd13', '202109', 'Taxi', '2021-09-18', '22.00'),
(1450, 'd13', '202109', 'Traiteur, alimentation, boisson', '2021-09-20', '236.00'),
(1451, 'd13', '202110', 'Location équipement vidéo/sonore', '2021-10-14', '581.00'),
(1452, 'd13', '202110', 'Voyage SNCF', '2021-10-24', '31.00'),
(1453, 'd13', '202110', 'Achat de matériel de papeterie', '2021-10-04', '29.00'),
(1454, 'd13', '202110', 'Rémunération intervenant/spécialiste', '2021-10-18', '1000.00'),
(1455, 'd13', '202110', 'Location équipement vidéo/sonore', '2021-10-08', '836.00'),
(1456, 'd13', '202110', 'Taxi', '2021-10-28', '39.00'),
(1457, 'd13', '202111', 'Voyage SNCF', '2021-11-03', '118.00'),
(1458, 'd13', '202111', 'Achat d\'espace publicitaire', '2021-11-21', '47.00'),
(1459, 'd13', '202111', 'Rémunération intervenant/spécialiste', '2021-11-05', '251.00'),
(1460, 'd13', '202111', 'Location équipement vidéo/sonore', '2021-11-24', '598.00'),
(1461, 'd13', '202111', 'Frais vestimentaire/représentation', '2021-11-12', '379.00'),
(1462, 'd13', '202112', 'Rémunération intervenant/spécialiste', '2021-12-08', '968.00'),
(1463, 'd13', '202112', 'Location véhicule', '2021-12-10', '272.00'),
(1464, 'd13', '202112', 'Achat d\'espace publicitaire', '2021-12-25', '50.00'),
(1465, 'd13', '202112', 'Repas avec praticien', '2021-12-20', '46.00'),
(1466, 'd13', '202112', 'Rémunération intervenant/spécialiste', '2021-12-23', '756.00'),
(1467, 'd13', '202201', 'Frais vestimentaire/représentation', '2022-01-21', '94.00'),
(1468, 'd13', '202201', 'Achat de matériel de papeterie', '2022-01-15', '48.00'),
(1469, 'd13', '202201', 'Traiteur, alimentation, boisson', '2022-01-26', '167.00'),
(1470, 'd13', '202201', 'Rémunération intervenant/spécialiste', '2022-01-22', '1062.00'),
(1471, 'd13', '202201', 'Repas avec praticien', '2022-01-23', '33.00'),
(1472, 'd13', '202201', 'Achat d\'espace publicitaire', '2022-01-02', '143.00'),
(1473, 'd13', '202202', 'Frais vestimentaire/représentation', '2022-02-22', '374.00'),
(1474, 'd13', '202202', 'Rémunération intervenant/spécialiste', '2022-02-23', '725.00'),
(1475, 'd13', '202202', 'Taxi', '2022-02-13', '44.00'),
(1476, 'd13', '202202', 'Location salle conférence', '2022-02-01', '432.00'),
(1477, 'd13', '202202', 'Achat de matériel de papeterie', '2022-02-21', '41.00'),
(1478, 'd13', '202203', 'Rémunération intervenant/spécialiste', '2022-03-25', '889.00'),
(1479, 'd13', '202203', 'Achat de matériel de papeterie', '2022-03-10', '21.00'),
(1480, 'd13', '202203', 'Taxi', '2022-03-18', '63.00'),
(1481, 'd13', '202203', 'Frais vestimentaire/représentation', '2022-03-16', '134.00'),
(1482, 'd13', '202203', 'Taxi', '2022-03-20', '21.00'),
(1483, 'd13', '202204', 'Voyage SNCF', '2022-04-24', '142.00'),
(1484, 'd13', '202204', 'Voyage SNCF', '2022-04-23', '84.00'),
(1485, 'd13', '202204', 'Traiteur, alimentation, boisson', '2022-04-10', '207.00'),
(1486, 'd13', '202204', 'Traiteur, alimentation, boisson', '2022-04-08', '386.00'),
(1487, 'd13', '202205', 'Frais vestimentaire/représentation', '2022-05-13', '389.00'),
(1488, 'd13', '202205', 'Traiteur, alimentation, boisson', '2022-05-17', '241.00'),
(1489, 'd13', '202205', 'Rémunération intervenant/spécialiste', '2022-05-20', '871.00'),
(1490, 'd13', '202206', 'Location salle conférence', '2022-06-13', '432.00'),
(1491, 'd13', '202206', 'Location équipement vidéo/sonore', '2022-06-17', '305.00'),
(1492, 'd13', '202206', 'Rémunération intervenant/spécialiste', '2022-06-05', '916.00'),
(1493, 'd13', '202207', 'Frais vestimentaire/représentation', '2022-07-03', '427.00'),
(1494, 'd13', '202208', 'Taxi', '2022-08-24', '57.00'),
(1495, 'd13', '202208', 'Taxi', '2022-08-22', '57.00'),
(1496, 'd13', '202208', 'Frais vestimentaire/représentation', '2022-08-12', '226.00'),
(1497, 'd13', '202208', 'Voyage SNCF', '2022-08-06', '149.00'),
(1498, 'd13', '202208', 'Repas avec praticien', '2022-08-24', '49.00'),
(1499, 'd13', '202208', 'Frais vestimentaire/représentation', '2022-08-24', '147.00'),
(1500, 'd13', '202209', 'Location salle conférence', '2022-09-07', '120.00'),
(1501, 'd51', '202009', 'Location équipement vidéo/sonore', '2020-09-09', '329.00'),
(1502, 'd51', '202009', 'Taxi', '2020-09-15', '49.00'),
(1503, 'd51', '202009', 'Frais vestimentaire/représentation', '2020-09-27', '366.00'),
(1504, 'd51', '202010', 'Location équipement vidéo/sonore', '2020-10-12', '659.00'),
(1505, 'd51', '202010', 'Achat de matériel de papeterie', '2020-10-12', '19.00'),
(1506, 'd51', '202010', 'Location équipement vidéo/sonore', '2020-10-24', '686.00'),
(1507, 'd51', '202010', 'Location véhicule', '2020-10-12', '332.00'),
(1508, 'd51', '202011', 'Voyage SNCF', '2020-11-23', '71.00'),
(1509, 'd51', '202011', 'Taxi', '2020-11-22', '79.00'),
(1510, 'd51', '202011', 'Achat de matériel de papeterie', '2020-11-27', '21.00'),
(1511, 'd51', '202011', 'Repas avec praticien', '2020-11-03', '41.00'),
(1512, 'd51', '202011', 'Location salle conférence', '2020-11-09', '177.00'),
(1513, 'd51', '202012', 'Voyage SNCF', '2020-12-04', '117.00'),
(1514, 'd51', '202101', 'Location véhicule', '2021-01-08', '439.00'),
(1515, 'd51', '202101', 'Achat d\'espace publicitaire', '2021-01-19', '44.00'),
(1516, 'd51', '202101', 'Frais vestimentaire/représentation', '2021-01-27', '233.00'),
(1517, 'd51', '202101', 'Achat d\'espace publicitaire', '2021-01-24', '49.00'),
(1518, 'd51', '202101', 'Taxi', '2021-01-18', '78.00'),
(1519, 'd51', '202101', 'Location salle conférence', '2021-01-05', '290.00'),
(1520, 'd51', '202102', 'Voyage SNCF', '2021-02-11', '149.00'),
(1521, 'd51', '202102', 'Achat de matériel de papeterie', '2021-02-09', '44.00'),
(1522, 'd51', '202102', 'Repas avec praticien', '2021-02-23', '39.00'),
(1523, 'd51', '202103', 'Rémunération intervenant/spécialiste', '2021-03-15', '982.00'),
(1524, 'd51', '202104', 'Voyage SNCF', '2021-04-10', '44.00'),
(1525, 'd51', '202104', 'Traiteur, alimentation, boisson', '2021-04-07', '372.00'),
(1526, 'd51', '202105', 'Traiteur, alimentation, boisson', '2021-05-01', '216.00'),
(1527, 'd51', '202105', 'Rémunération intervenant/spécialiste', '2021-05-01', '756.00'),
(1528, 'd51', '202105', 'Achat de matériel de papeterie', '2021-05-18', '40.00'),
(1529, 'd51', '202105', 'Traiteur, alimentation, boisson', '2021-05-25', '54.00'),
(1530, 'd51', '202105', 'Taxi', '2021-05-03', '29.00'),
(1531, 'd51', '202106', 'Frais vestimentaire/représentation', '2021-06-15', '226.00'),
(1532, 'd51', '202107', 'Voyage SNCF', '2021-07-20', '91.00'),
(1533, 'd51', '202108', 'Location salle conférence', '2021-08-05', '546.00'),
(1534, 'd51', '202108', 'Location salle conférence', '2021-08-12', '217.00'),
(1535, 'd51', '202108', 'Achat de matériel de papeterie', '2021-08-25', '13.00'),
(1536, 'd51', '202108', 'Achat d\'espace publicitaire', '2021-08-04', '74.00'),
(1537, 'd51', '202108', 'Taxi', '2021-08-24', '52.00'),
(1538, 'd51', '202109', 'Location équipement vidéo/sonore', '2021-09-06', '199.00'),
(1539, 'd51', '202109', 'Achat de matériel de papeterie', '2021-09-07', '32.00'),
(1540, 'd51', '202109', 'Voyage SNCF', '2021-09-07', '149.00'),
(1541, 'd51', '202110', 'Voyage SNCF', '2021-10-24', '34.00'),
(1542, 'd51', '202110', 'Taxi', '2021-10-19', '34.00'),
(1543, 'd51', '202111', 'Rémunération intervenant/spécialiste', '2021-11-23', '1034.00'),
(1544, 'd51', '202111', 'Location salle conférence', '2021-11-13', '355.00'),
(1545, 'd51', '202111', 'Traiteur, alimentation, boisson', '2021-11-27', '131.00'),
(1546, 'd51', '202111', 'Achat de matériel de papeterie', '2021-11-05', '48.00'),
(1547, 'd51', '202111', 'Taxi', '2021-11-15', '69.00'),
(1548, 'd51', '202111', 'Achat de matériel de papeterie', '2021-11-09', '36.00'),
(1549, 'd51', '202112', 'Location équipement vidéo/sonore', '2021-12-09', '421.00'),
(1550, 'd51', '202201', 'Frais vestimentaire/représentation', '2022-01-16', '145.00'),
(1551, 'd51', '202201', 'Voyage SNCF', '2022-01-25', '97.00'),
(1552, 'd51', '202201', 'Frais vestimentaire/représentation', '2022-01-23', '116.00'),
(1553, 'd51', '202202', 'Rémunération intervenant/spécialiste', '2022-02-16', '678.00'),
(1554, 'd51', '202202', 'Voyage SNCF', '2022-02-21', '59.00'),
(1555, 'd51', '202202', 'Frais vestimentaire/représentation', '2022-02-08', '123.00'),
(1556, 'd51', '202202', 'Frais vestimentaire/représentation', '2022-02-02', '150.00'),
(1557, 'd51', '202202', 'Taxi', '2022-02-13', '39.00'),
(1558, 'd51', '202202', 'Achat d\'espace publicitaire', '2022-02-02', '61.00'),
(1559, 'd51', '202203', 'Taxi', '2022-03-07', '25.00'),
(1560, 'd51', '202203', 'Location équipement vidéo/sonore', '2022-03-15', '666.00'),
(1561, 'd51', '202203', 'Location équipement vidéo/sonore', '2022-03-11', '140.00'),
(1562, 'd51', '202203', 'Traiteur, alimentation, boisson', '2022-03-03', '450.00'),
(1563, 'd51', '202203', 'Voyage SNCF', '2022-03-26', '126.00'),
(1564, 'd51', '202203', 'Achat de matériel de papeterie', '2022-03-10', '47.00'),
(1565, 'd51', '202204', 'Voyage SNCF', '2022-04-07', '78.00'),
(1566, 'd51', '202204', 'Traiteur, alimentation, boisson', '2022-04-27', '422.00'),
(1567, 'd51', '202204', 'Location véhicule', '2022-04-19', '340.00'),
(1568, 'd51', '202204', 'Repas avec praticien', '2022-04-16', '44.00'),
(1569, 'd51', '202205', 'Rémunération intervenant/spécialiste', '2022-05-21', '344.00'),
(1570, 'd51', '202205', 'Rémunération intervenant/spécialiste', '2022-05-09', '721.00'),
(1571, 'd51', '202205', 'Location équipement vidéo/sonore', '2022-05-13', '169.00'),
(1572, 'd51', '202205', 'Traiteur, alimentation, boisson', '2022-05-10', '185.00'),
(1573, 'd51', '202206', 'Traiteur, alimentation, boisson', '2022-06-04', '349.00'),
(1574, 'd51', '202206', 'Location salle conférence', '2022-06-03', '197.00'),
(1575, 'd51', '202206', 'Traiteur, alimentation, boisson', '2022-06-07', '353.00'),
(1576, 'd51', '202206', 'Voyage SNCF', '2022-06-01', '80.00'),
(1577, 'd51', '202206', 'Location véhicule', '2022-06-17', '236.00'),
(1578, 'd51', '202207', 'Location équipement vidéo/sonore', '2022-07-26', '249.00'),
(1579, 'd51', '202207', 'Achat de matériel de papeterie', '2022-07-12', '15.00'),
(1580, 'd51', '202207', 'Repas avec praticien', '2022-07-10', '39.00'),
(1581, 'd51', '202207', 'Rémunération intervenant/spécialiste', '2022-07-03', '1072.00'),
(1582, 'd51', '202207', 'Frais vestimentaire/représentation', '2022-07-14', '399.00'),
(1583, 'd51', '202207', 'Location véhicule', '2022-07-05', '103.00'),
(1584, 'd51', '202208', 'Repas avec praticien', '2022-08-05', '33.00'),
(1585, 'd51', '202208', 'Repas avec praticien', '2022-08-27', '42.00'),
(1586, 'd51', '202208', 'Location équipement vidéo/sonore', '2022-08-08', '488.00'),
(1587, 'd51', '202208', 'Achat d\'espace publicitaire', '2022-08-02', '120.00'),
(1588, 'd51', '202209', 'Taxi', '2022-09-28', '63.00'),
(1589, 'e22', '202009', 'Frais vestimentaire/représentation', '2020-09-19', '230.00'),
(1590, 'e22', '202009', 'Frais vestimentaire/représentation', '2020-09-23', '42.00'),
(1591, 'e22', '202010', 'Frais vestimentaire/représentation', '2020-10-04', '178.00'),
(1592, 'e22', '202010', 'Location salle conférence', '2020-10-02', '586.00'),
(1593, 'e22', '202010', 'Taxi', '2020-10-27', '43.00'),
(1594, 'e22', '202010', 'Location salle conférence', '2020-10-12', '258.00'),
(1595, 'e22', '202010', 'Taxi', '2020-10-21', '40.00'),
(1596, 'e22', '202010', 'Repas avec praticien', '2020-10-24', '40.00'),
(1597, 'e22', '202011', 'Rémunération intervenant/spécialiste', '2020-11-10', '1076.00'),
(1598, 'e22', '202011', 'Location équipement vidéo/sonore', '2020-11-02', '429.00'),
(1599, 'e22', '202011', 'Location équipement vidéo/sonore', '2020-11-19', '174.00'),
(1600, 'e22', '202012', 'Taxi', '2020-12-19', '30.00'),
(1601, 'e22', '202012', 'Location salle conférence', '2020-12-22', '387.00'),
(1602, 'e22', '202012', 'Traiteur, alimentation, boisson', '2020-12-07', '221.00'),
(1603, 'e22', '202012', 'Location équipement vidéo/sonore', '2020-12-06', '427.00'),
(1604, 'e22', '202101', 'Repas avec praticien', '2021-01-24', '45.00'),
(1605, 'e22', '202101', 'Frais vestimentaire/représentation', '2021-01-28', '175.00'),
(1606, 'e22', '202101', 'Frais vestimentaire/représentation', '2021-01-07', '321.00'),
(1607, 'e22', '202101', 'Location véhicule', '2021-01-09', '91.00'),
(1608, 'e22', '202102', 'Taxi', '2021-02-16', '25.00'),
(1609, 'e22', '202102', 'Rémunération intervenant/spécialiste', '2021-02-03', '834.00'),
(1610, 'e22', '202102', 'Location équipement vidéo/sonore', '2021-02-15', '580.00'),
(1611, 'e22', '202103', 'Frais vestimentaire/représentation', '2021-03-19', '416.00'),
(1612, 'e22', '202103', 'Rémunération intervenant/spécialiste', '2021-03-20', '462.00'),
(1613, 'e22', '202103', 'Achat d\'espace publicitaire', '2021-03-14', '28.00'),
(1614, 'e22', '202103', 'Achat d\'espace publicitaire', '2021-03-02', '125.00'),
(1615, 'e22', '202103', 'Achat de matériel de papeterie', '2021-03-21', '38.00'),
(1616, 'e22', '202104', 'Rémunération intervenant/spécialiste', '2021-04-26', '1090.00'),
(1617, 'e22', '202104', 'Traiteur, alimentation, boisson', '2021-04-20', '123.00'),
(1618, 'e22', '202104', 'Achat d\'espace publicitaire', '2021-04-11', '127.00'),
(1619, 'e22', '202105', 'Location véhicule', '2021-05-15', '68.00'),
(1620, 'e22', '202106', 'Achat de matériel de papeterie', '2021-06-20', '11.00'),
(1621, 'e22', '202106', 'Location véhicule', '2021-06-14', '151.00'),
(1622, 'e22', '202106', 'Location véhicule', '2021-06-17', '394.00'),
(1623, 'e22', '202106', 'Achat de matériel de papeterie', '2021-06-08', '18.00'),
(1624, 'e22', '202106', 'Location véhicule', '2021-06-18', '259.00'),
(1625, 'e22', '202107', 'Voyage SNCF', '2021-07-26', '134.00'),
(1626, 'e22', '202107', 'Taxi', '2021-07-07', '51.00'),
(1627, 'e22', '202107', 'Rémunération intervenant/spécialiste', '2021-07-26', '888.00'),
(1628, 'e22', '202107', 'Frais vestimentaire/représentation', '2021-07-07', '91.00'),
(1629, 'e22', '202107', 'Voyage SNCF', '2021-07-13', '68.00'),
(1630, 'e22', '202107', 'Traiteur, alimentation, boisson', '2021-07-03', '409.00'),
(1631, 'e22', '202108', 'Location salle conférence', '2021-08-21', '584.00'),
(1632, 'e22', '202108', 'Voyage SNCF', '2021-08-25', '130.00'),
(1633, 'e22', '202108', 'Location équipement vidéo/sonore', '2021-08-17', '282.00'),
(1634, 'e22', '202108', 'Achat de matériel de papeterie', '2021-08-15', '34.00'),
(1635, 'e22', '202108', 'Taxi', '2021-08-21', '40.00'),
(1636, 'e22', '202109', 'Frais vestimentaire/représentation', '2021-09-20', '271.00'),
(1637, 'e22', '202109', 'Voyage SNCF', '2021-09-10', '91.00'),
(1638, 'e22', '202109', 'Taxi', '2021-09-07', '55.00'),
(1639, 'e22', '202109', 'Taxi', '2021-09-21', '44.00'),
(1640, 'e22', '202110', 'Taxi', '2021-10-04', '39.00'),
(1641, 'e22', '202110', 'Traiteur, alimentation, boisson', '2021-10-01', '163.00'),
(1642, 'e22', '202111', 'Repas avec praticien', '2021-11-19', '42.00'),
(1643, 'e22', '202111', 'Achat de matériel de papeterie', '2021-11-01', '23.00'),
(1644, 'e22', '202111', 'Rémunération intervenant/spécialiste', '2021-11-23', '1090.00'),
(1645, 'e22', '202111', 'Frais vestimentaire/représentation', '2021-11-26', '170.00'),
(1646, 'e22', '202111', 'Location salle conférence', '2021-11-09', '626.00'),
(1647, 'e22', '202111', 'Rémunération intervenant/spécialiste', '2021-11-02', '296.00'),
(1648, 'e22', '202112', 'Location véhicule', '2021-12-13', '339.00'),
(1649, 'e22', '202201', 'Taxi', '2022-01-02', '61.00'),
(1650, 'e22', '202201', 'Frais vestimentaire/représentation', '2022-01-22', '308.00'),
(1651, 'e22', '202202', 'Taxi', '2022-02-01', '27.00'),
(1652, 'e22', '202202', 'Frais vestimentaire/représentation', '2022-02-06', '54.00'),
(1653, 'e22', '202202', 'Achat de matériel de papeterie', '2022-02-09', '23.00'),
(1654, 'e22', '202202', 'Repas avec praticien', '2022-02-08', '50.00'),
(1655, 'e22', '202203', 'Voyage SNCF', '2022-03-23', '42.00'),
(1656, 'e22', '202203', 'Repas avec praticien', '2022-03-12', '38.00'),
(1657, 'e22', '202203', 'Repas avec praticien', '2022-03-08', '39.00'),
(1658, 'e22', '202204', 'Frais vestimentaire/représentation', '2022-04-09', '170.00'),
(1659, 'e22', '202204', 'Location salle conférence', '2022-04-08', '491.00'),
(1660, 'e22', '202204', 'Voyage SNCF', '2022-04-24', '78.00'),
(1661, 'e22', '202204', 'Location équipement vidéo/sonore', '2022-04-03', '283.00'),
(1662, 'e22', '202205', 'Achat de matériel de papeterie', '2022-05-26', '29.00'),
(1663, 'e22', '202205', 'Taxi', '2022-05-20', '67.00'),
(1664, 'e22', '202205', 'Taxi', '2022-05-02', '38.00'),
(1665, 'e22', '202205', 'Repas avec praticien', '2022-05-23', '48.00'),
(1666, 'e22', '202205', 'Traiteur, alimentation, boisson', '2022-05-17', '35.00'),
(1667, 'e22', '202206', 'Frais vestimentaire/représentation', '2022-06-26', '115.00'),
(1668, 'e22', '202207', 'Rémunération intervenant/spécialiste', '2022-07-24', '566.00'),
(1669, 'e22', '202207', 'Repas avec praticien', '2022-07-28', '42.00'),
(1670, 'e22', '202207', 'Taxi', '2022-07-20', '42.00'),
(1671, 'e22', '202208', 'Rémunération intervenant/spécialiste', '2022-08-07', '549.00'),
(1672, 'e22', '202208', 'Achat de matériel de papeterie', '2022-08-22', '40.00'),
(1673, 'e22', '202209', 'Achat de matériel de papeterie', '2022-09-15', '26.00'),
(1674, 'e22', '202209', 'Location équipement vidéo/sonore', '2022-09-09', '807.00'),
(1675, 'e22', '202209', 'Achat d\'espace publicitaire', '2022-09-26', '83.00'),
(1676, 'e22', '202209', 'Taxi', '2022-09-27', '52.00'),
(1677, 'e24', '202009', 'Location équipement vidéo/sonore', '2020-09-08', '300.00'),
(1678, 'e24', '202009', 'Achat de matériel de papeterie', '2020-09-11', '45.00'),
(1679, 'e24', '202009', 'Location salle conférence', '2020-09-17', '310.00'),
(1680, 'e24', '202009', 'Frais vestimentaire/représentation', '2020-09-04', '139.00'),
(1681, 'e24', '202009', 'Voyage SNCF', '2020-09-12', '130.00'),
(1682, 'e24', '202009', 'Traiteur, alimentation, boisson', '2020-09-25', '424.00'),
(1683, 'e24', '202010', 'Rémunération intervenant/spécialiste', '2020-10-17', '425.00'),
(1684, 'e24', '202010', 'Rémunération intervenant/spécialiste', '2020-10-22', '653.00'),
(1685, 'e24', '202010', 'Rémunération intervenant/spécialiste', '2020-10-21', '518.00'),
(1686, 'e24', '202011', 'Location équipement vidéo/sonore', '2020-11-10', '761.00'),
(1687, 'e24', '202011', 'Location véhicule', '2020-11-26', '65.00'),
(1688, 'e24', '202011', 'Traiteur, alimentation, boisson', '2020-11-06', '71.00'),
(1689, 'e24', '202011', 'Achat d\'espace publicitaire', '2020-11-03', '126.00'),
(1690, 'e24', '202012', 'Rémunération intervenant/spécialiste', '2020-12-22', '469.00'),
(1691, 'e24', '202012', 'Voyage SNCF', '2020-12-18', '115.00'),
(1692, 'e24', '202012', 'Rémunération intervenant/spécialiste', '2020-12-07', '1053.00'),
(1693, 'e24', '202012', 'Location véhicule', '2020-12-18', '355.00'),
(1694, 'e24', '202012', 'Rémunération intervenant/spécialiste', '2020-12-01', '767.00'),
(1695, 'e24', '202012', 'Location équipement vidéo/sonore', '2020-12-25', '361.00'),
(1696, 'e24', '202101', 'Voyage SNCF', '2021-01-11', '128.00'),
(1697, 'e24', '202101', 'Location salle conférence', '2021-01-19', '442.00'),
(1698, 'e24', '202101', 'Taxi', '2021-01-07', '75.00'),
(1699, 'e24', '202101', 'Achat d\'espace publicitaire', '2021-01-17', '56.00'),
(1700, 'e24', '202101', 'Achat d\'espace publicitaire', '2021-01-05', '28.00'),
(1701, 'e24', '202101', 'Location équipement vidéo/sonore', '2021-01-17', '621.00'),
(1702, 'e24', '202102', 'Rémunération intervenant/spécialiste', '2021-02-02', '861.00'),
(1703, 'e24', '202103', 'Location véhicule', '2021-03-25', '42.00'),
(1704, 'e24', '202103', 'Location salle conférence', '2021-03-10', '629.00'),
(1705, 'e24', '202103', 'Location salle conférence', '2021-03-20', '485.00'),
(1706, 'e24', '202103', 'Achat de matériel de papeterie', '2021-03-25', '44.00'),
(1707, 'e24', '202103', 'Voyage SNCF', '2021-03-11', '52.00'),
(1708, 'e24', '202104', 'Achat d\'espace publicitaire', '2021-04-06', '115.00'),
(1709, 'e24', '202104', 'Achat de matériel de papeterie', '2021-04-04', '49.00'),
(1710, 'e24', '202104', 'Frais vestimentaire/représentation', '2021-04-10', '48.00'),
(1711, 'e24', '202105', 'Voyage SNCF', '2021-05-23', '141.00'),
(1712, 'e24', '202105', 'Achat d\'espace publicitaire', '2021-05-22', '74.00'),
(1713, 'e24', '202105', 'Achat de matériel de papeterie', '2021-05-05', '44.00'),
(1714, 'e24', '202105', 'Traiteur, alimentation, boisson', '2021-05-10', '433.00'),
(1715, 'e24', '202106', 'Achat d\'espace publicitaire', '2021-06-12', '89.00'),
(1716, 'e24', '202106', 'Taxi', '2021-06-07', '78.00'),
(1717, 'e24', '202106', 'Voyage SNCF', '2021-06-28', '122.00'),
(1718, 'e24', '202106', 'Rémunération intervenant/spécialiste', '2021-06-09', '368.00'),
(1719, 'e24', '202107', 'Achat de matériel de papeterie', '2021-07-07', '32.00'),
(1720, 'e24', '202107', 'Frais vestimentaire/représentation', '2021-07-03', '185.00'),
(1721, 'e24', '202107', 'Traiteur, alimentation, boisson', '2021-07-22', '310.00'),
(1722, 'e24', '202107', 'Rémunération intervenant/spécialiste', '2021-07-06', '327.00'),
(1723, 'e24', '202107', 'Location équipement vidéo/sonore', '2021-07-10', '525.00'),
(1724, 'e24', '202108', 'Traiteur, alimentation, boisson', '2021-08-22', '363.00'),
(1725, 'e24', '202108', 'Location véhicule', '2021-08-02', '263.00'),
(1726, 'e24', '202109', 'Repas avec praticien', '2021-09-19', '43.00'),
(1727, 'e24', '202110', 'Location salle conférence', '2021-10-06', '439.00'),
(1728, 'e24', '202110', 'Frais vestimentaire/représentation', '2021-10-26', '261.00'),
(1729, 'e24', '202111', 'Location véhicule', '2021-11-11', '320.00'),
(1730, 'e24', '202111', 'Location véhicule', '2021-11-12', '269.00'),
(1731, 'e24', '202111', 'Rémunération intervenant/spécialiste', '2021-11-13', '1011.00'),
(1732, 'e24', '202112', 'Achat d\'espace publicitaire', '2021-12-13', '24.00'),
(1733, 'e24', '202112', 'Frais vestimentaire/représentation', '2021-12-02', '242.00'),
(1734, 'e24', '202201', 'Rémunération intervenant/spécialiste', '2022-01-07', '484.00'),
(1735, 'e24', '202201', 'Traiteur, alimentation, boisson', '2022-01-10', '165.00'),
(1736, 'e24', '202201', 'Voyage SNCF', '2022-01-22', '135.00'),
(1737, 'e24', '202201', 'Frais vestimentaire/représentation', '2022-01-17', '440.00'),
(1738, 'e24', '202202', 'Repas avec praticien', '2022-02-16', '47.00'),
(1739, 'e24', '202203', 'Voyage SNCF', '2022-03-11', '119.00'),
(1740, 'e24', '202203', 'Location équipement vidéo/sonore', '2022-03-23', '297.00'),
(1741, 'e24', '202204', 'Traiteur, alimentation, boisson', '2022-04-13', '337.00'),
(1742, 'e24', '202204', 'Repas avec praticien', '2022-04-04', '39.00'),
(1743, 'e24', '202205', 'Taxi', '2022-05-11', '26.00'),
(1744, 'e24', '202205', 'Achat de matériel de papeterie', '2022-05-21', '31.00'),
(1745, 'e24', '202205', 'Frais vestimentaire/représentation', '2022-05-04', '30.00'),
(1746, 'e24', '202205', 'Frais vestimentaire/représentation', '2022-05-04', '81.00'),
(1747, 'e24', '202206', 'Taxi', '2022-06-26', '64.00'),
(1748, 'e24', '202207', 'Frais vestimentaire/représentation', '2022-07-02', '159.00'),
(1749, 'e24', '202207', 'Location véhicule', '2022-07-21', '369.00'),
(1750, 'e24', '202207', 'Repas avec praticien', '2022-07-15', '34.00'),
(1751, 'e24', '202207', 'Location véhicule', '2022-07-26', '249.00'),
(1752, 'e24', '202207', 'Voyage SNCF', '2022-07-21', '129.00'),
(1753, 'e24', '202207', 'Rémunération intervenant/spécialiste', '2022-07-17', '1123.00'),
(1754, 'e24', '202208', 'Repas avec praticien', '2022-08-06', '37.00'),
(1755, 'e24', '202208', 'Frais vestimentaire/représentation', '2022-08-20', '39.00'),
(1756, 'e24', '202209', 'Achat de matériel de papeterie', '2022-09-08', '25.00'),
(1757, 'e24', '202209', 'Rémunération intervenant/spécialiste', '2022-09-17', '348.00'),
(1758, 'e24', '202209', 'Location salle conférence', '2022-09-04', '477.00'),
(1759, 'e24', '202209', 'Location équipement vidéo/sonore', '2022-09-02', '331.00'),
(1760, 'e39', '202009', 'Location salle conférence', '2020-09-01', '649.00'),
(1761, 'e39', '202010', 'Location salle conférence', '2020-10-27', '625.00'),
(1762, 'e39', '202010', 'Achat d\'espace publicitaire', '2020-10-23', '131.00'),
(1763, 'e39', '202010', 'Location salle conférence', '2020-10-24', '169.00'),
(1764, 'e39', '202010', 'Frais vestimentaire/représentation', '2020-10-25', '106.00'),
(1765, 'e39', '202010', 'Taxi', '2020-10-18', '51.00'),
(1766, 'e39', '202011', 'Achat d\'espace publicitaire', '2020-11-01', '139.00'),
(1767, 'e39', '202011', 'Achat d\'espace publicitaire', '2020-11-09', '87.00'),
(1768, 'e39', '202011', 'Traiteur, alimentation, boisson', '2020-11-02', '440.00'),
(1769, 'e39', '202011', 'Location équipement vidéo/sonore', '2020-11-11', '820.00'),
(1770, 'e39', '202011', 'Repas avec praticien', '2020-11-28', '35.00'),
(1771, 'e39', '202011', 'Achat d\'espace publicitaire', '2020-11-15', '105.00'),
(1772, 'e39', '202012', 'Location salle conférence', '2020-12-12', '172.00'),
(1773, 'e39', '202012', 'Rémunération intervenant/spécialiste', '2020-12-08', '1057.00'),
(1774, 'e39', '202012', 'Voyage SNCF', '2020-12-04', '125.00'),
(1775, 'e39', '202012', 'Voyage SNCF', '2020-12-07', '141.00'),
(1776, 'e39', '202101', 'Location salle conférence', '2021-01-24', '409.00'),
(1777, 'e39', '202101', 'Frais vestimentaire/représentation', '2021-01-11', '322.00'),
(1778, 'e39', '202101', 'Voyage SNCF', '2021-01-27', '139.00'),
(1779, 'e39', '202101', 'Repas avec praticien', '2021-01-21', '46.00'),
(1780, 'e39', '202102', 'Traiteur, alimentation, boisson', '2021-02-11', '174.00'),
(1781, 'e39', '202103', 'Location véhicule', '2021-03-10', '251.00'),
(1782, 'e39', '202103', 'Location salle conférence', '2021-03-26', '373.00'),
(1783, 'e39', '202103', 'Location véhicule', '2021-03-04', '332.00'),
(1784, 'e39', '202103', 'Taxi', '2021-03-12', '39.00'),
(1785, 'e39', '202103', 'Repas avec praticien', '2021-03-20', '43.00'),
(1786, 'e39', '202104', 'Location équipement vidéo/sonore', '2021-04-26', '648.00'),
(1787, 'e39', '202104', 'Taxi', '2021-04-22', '63.00'),
(1788, 'e39', '202104', 'Traiteur, alimentation, boisson', '2021-04-25', '153.00'),
(1789, 'e39', '202104', 'Traiteur, alimentation, boisson', '2021-04-05', '165.00'),
(1790, 'e39', '202105', 'Frais vestimentaire/représentation', '2021-05-16', '300.00'),
(1791, 'e39', '202106', 'Frais vestimentaire/représentation', '2021-06-28', '380.00'),
(1792, 'e39', '202106', 'Traiteur, alimentation, boisson', '2021-06-06', '255.00'),
(1793, 'e39', '202106', 'Repas avec praticien', '2021-06-20', '35.00'),
(1794, 'e39', '202106', 'Location salle conférence', '2021-06-08', '417.00'),
(1795, 'e39', '202106', 'Traiteur, alimentation, boisson', '2021-06-08', '408.00'),
(1796, 'e39', '202106', 'Taxi', '2021-06-15', '49.00'),
(1797, 'e39', '202107', 'Location salle conférence', '2021-07-25', '251.00'),
(1798, 'e39', '202107', 'Location équipement vidéo/sonore', '2021-07-13', '477.00'),
(1799, 'e39', '202107', 'Traiteur, alimentation, boisson', '2021-07-19', '403.00'),
(1800, 'e39', '202107', 'Taxi', '2021-07-25', '24.00'),
(1801, 'e39', '202107', 'Traiteur, alimentation, boisson', '2021-07-23', '295.00'),
(1802, 'e39', '202108', 'Repas avec praticien', '2021-08-27', '43.00'),
(1803, 'e39', '202108', 'Achat d\'espace publicitaire', '2021-08-07', '58.00'),
(1804, 'e39', '202108', 'Location véhicule', '2021-08-18', '344.00'),
(1805, 'e39', '202108', 'Location équipement vidéo/sonore', '2021-08-17', '669.00'),
(1806, 'e39', '202108', 'Voyage SNCF', '2021-08-10', '77.00'),
(1807, 'e39', '202109', 'Location salle conférence', '2021-09-22', '607.00'),
(1808, 'e39', '202109', 'Taxi', '2021-09-14', '66.00'),
(1809, 'e39', '202109', 'Location équipement vidéo/sonore', '2021-09-14', '513.00'),
(1810, 'e39', '202109', 'Traiteur, alimentation, boisson', '2021-09-09', '396.00'),
(1811, 'e39', '202109', 'Taxi', '2021-09-16', '47.00'),
(1812, 'e39', '202110', 'Frais vestimentaire/représentation', '2021-10-03', '232.00'),
(1813, 'e39', '202110', 'Rémunération intervenant/spécialiste', '2021-10-27', '302.00'),
(1814, 'e39', '202110', 'Location équipement vidéo/sonore', '2021-10-09', '303.00'),
(1815, 'e39', '202111', 'Traiteur, alimentation, boisson', '2021-11-10', '429.00'),
(1816, 'e39', '202112', 'Voyage SNCF', '2021-12-17', '125.00'),
(1817, 'e39', '202112', 'Rémunération intervenant/spécialiste', '2021-12-26', '302.00'),
(1818, 'e39', '202112', 'Location salle conférence', '2021-12-04', '200.00'),
(1819, 'e39', '202112', 'Achat de matériel de papeterie', '2021-12-16', '20.00'),
(1820, 'e39', '202201', 'Voyage SNCF', '2022-01-26', '89.00'),
(1821, 'e39', '202201', 'Location salle conférence', '2022-01-11', '583.00'),
(1822, 'e39', '202201', 'Repas avec praticien', '2022-01-06', '30.00'),
(1823, 'e39', '202201', 'Frais vestimentaire/représentation', '2022-01-08', '274.00'),
(1824, 'e39', '202201', 'Rémunération intervenant/spécialiste', '2022-01-17', '1141.00'),
(1825, 'e39', '202202', 'Location salle conférence', '2022-02-06', '323.00'),
(1826, 'e39', '202202', 'Location véhicule', '2022-02-01', '112.00'),
(1827, 'e39', '202202', 'Achat d\'espace publicitaire', '2022-02-13', '116.00'),
(1828, 'e39', '202202', 'Location équipement vidéo/sonore', '2022-02-24', '722.00'),
(1829, 'e39', '202203', 'Location véhicule', '2022-03-07', '196.00'),
(1830, 'e39', '202203', 'Location équipement vidéo/sonore', '2022-03-17', '479.00'),
(1831, 'e39', '202204', 'Voyage SNCF', '2022-04-05', '67.00'),
(1832, 'e39', '202204', 'Achat de matériel de papeterie', '2022-04-18', '40.00'),
(1833, 'e39', '202204', 'Location salle conférence', '2022-04-11', '587.00'),
(1834, 'e39', '202204', 'Achat d\'espace publicitaire', '2022-04-25', '24.00'),
(1835, 'e39', '202204', 'Rémunération intervenant/spécialiste', '2022-04-28', '390.00'),
(1836, 'e39', '202204', 'Taxi', '2022-04-03', '59.00'),
(1837, 'e39', '202205', 'Rémunération intervenant/spécialiste', '2022-05-22', '916.00'),
(1838, 'e39', '202206', 'Location véhicule', '2022-06-15', '132.00'),
(1839, 'e39', '202206', 'Achat d\'espace publicitaire', '2022-06-09', '55.00'),
(1840, 'e39', '202207', 'Taxi', '2022-07-03', '30.00'),
(1841, 'e39', '202207', 'Repas avec praticien', '2022-07-15', '34.00'),
(1842, 'e39', '202207', 'Repas avec praticien', '2022-07-17', '46.00'),
(1843, 'e39', '202208', 'Repas avec praticien', '2022-08-07', '30.00'),
(1844, 'e39', '202208', 'Achat de matériel de papeterie', '2022-08-14', '46.00'),
(1845, 'e39', '202208', 'Achat de matériel de papeterie', '2022-08-18', '19.00'),
(1846, 'e39', '202208', 'Achat de matériel de papeterie', '2022-08-05', '43.00'),
(1847, 'e39', '202208', 'Location véhicule', '2022-08-04', '417.00'),
(1848, 'e39', '202208', 'Voyage SNCF', '2022-08-12', '57.00'),
(1849, 'e39', '202209', 'Location salle conférence', '2022-09-14', '605.00'),
(1850, 'e39', '202209', 'Frais vestimentaire/représentation', '2022-09-04', '436.00'),
(1851, 'e39', '202209', 'Frais vestimentaire/représentation', '2022-09-07', '358.00'),
(1852, 'e39', '202209', 'Location véhicule', '2022-09-07', '280.00'),
(1853, 'e39', '202209', 'Location salle conférence', '2022-09-03', '287.00'),
(1854, 'e39', '202209', 'Frais vestimentaire/représentation', '2022-09-28', '241.00'),
(1855, 'e49', '202009', 'Taxi', '2020-09-18', '34.00'),
(1856, 'e49', '202009', 'Taxi', '2020-09-23', '35.00'),
(1857, 'e49', '202009', 'Location équipement vidéo/sonore', '2020-09-12', '524.00'),
(1858, 'e49', '202009', 'Location équipement vidéo/sonore', '2020-09-06', '756.00'),
(1859, 'e49', '202010', 'Repas avec praticien', '2020-10-01', '30.00'),
(1860, 'e49', '202010', 'Traiteur, alimentation, boisson', '2020-10-07', '296.00'),
(1861, 'e49', '202010', 'Taxi', '2020-10-15', '77.00'),
(1862, 'e49', '202010', 'Achat d\'espace publicitaire', '2020-10-12', '122.00'),
(1863, 'e49', '202011', 'Achat d\'espace publicitaire', '2020-11-09', '72.00'),
(1864, 'e49', '202011', 'Repas avec praticien', '2020-11-14', '49.00'),
(1865, 'e49', '202011', 'Location salle conférence', '2020-11-14', '629.00'),
(1866, 'e49', '202011', 'Repas avec praticien', '2020-11-05', '43.00'),
(1867, 'e49', '202011', 'Location véhicule', '2020-11-17', '110.00'),
(1868, 'e49', '202012', 'Repas avec praticien', '2020-12-22', '39.00'),
(1869, 'e49', '202012', 'Traiteur, alimentation, boisson', '2020-12-17', '290.00'),
(1870, 'e49', '202012', 'Traiteur, alimentation, boisson', '2020-12-18', '290.00'),
(1871, 'e49', '202012', 'Taxi', '2020-12-27', '74.00'),
(1872, 'e49', '202012', 'Achat d\'espace publicitaire', '2020-12-23', '81.00'),
(1873, 'e49', '202012', 'Location équipement vidéo/sonore', '2020-12-27', '691.00'),
(1874, 'e49', '202101', 'Location véhicule', '2021-01-13', '353.00'),
(1875, 'e49', '202101', 'Voyage SNCF', '2021-01-06', '66.00'),
(1876, 'e49', '202102', 'Voyage SNCF', '2021-02-16', '39.00'),
(1877, 'e49', '202102', 'Voyage SNCF', '2021-02-23', '113.00'),
(1878, 'e49', '202102', 'Traiteur, alimentation, boisson', '2021-02-03', '360.00'),
(1879, 'e49', '202102', 'Taxi', '2021-02-02', '57.00'),
(1880, 'e49', '202102', 'Rémunération intervenant/spécialiste', '2021-02-02', '858.00'),
(1881, 'e49', '202102', 'Location salle conférence', '2021-02-04', '540.00'),
(1882, 'e49', '202103', 'Location équipement vidéo/sonore', '2021-03-22', '663.00'),
(1883, 'e49', '202103', 'Achat d\'espace publicitaire', '2021-03-01', '111.00'),
(1884, 'e49', '202103', 'Repas avec praticien', '2021-03-11', '45.00'),
(1885, 'e49', '202104', 'Location salle conférence', '2021-04-13', '189.00'),
(1886, 'e49', '202104', 'Traiteur, alimentation, boisson', '2021-04-11', '442.00'),
(1887, 'e49', '202104', 'Location salle conférence', '2021-04-06', '478.00'),
(1888, 'e49', '202105', 'Taxi', '2021-05-27', '20.00'),
(1889, 'e49', '202105', 'Achat d\'espace publicitaire', '2021-05-12', '35.00'),
(1890, 'e49', '202105', 'Repas avec praticien', '2021-05-27', '45.00'),
(1891, 'e49', '202105', 'Achat d\'espace publicitaire', '2021-05-08', '45.00'),
(1892, 'e49', '202105', 'Traiteur, alimentation, boisson', '2021-05-07', '139.00'),
(1893, 'e49', '202106', 'Traiteur, alimentation, boisson', '2021-06-16', '150.00'),
(1894, 'e49', '202107', 'Location véhicule', '2021-07-26', '203.00'),
(1895, 'e49', '202107', 'Traiteur, alimentation, boisson', '2021-07-03', '393.00'),
(1896, 'e49', '202107', 'Traiteur, alimentation, boisson', '2021-07-08', '276.00'),
(1897, 'e49', '202107', 'Achat d\'espace publicitaire', '2021-07-07', '74.00'),
(1898, 'e49', '202107', 'Location salle conférence', '2021-07-21', '635.00'),
(1899, 'e49', '202108', 'Location véhicule', '2021-08-27', '227.00'),
(1900, 'e49', '202109', 'Location véhicule', '2021-09-27', '356.00'),
(1901, 'e49', '202109', 'Repas avec praticien', '2021-09-17', '42.00'),
(1902, 'e49', '202109', 'Location salle conférence', '2021-09-06', '516.00'),
(1903, 'e49', '202109', 'Taxi', '2021-09-23', '79.00'),
(1904, 'e49', '202109', 'Taxi', '2021-09-09', '69.00'),
(1905, 'e49', '202109', 'Repas avec praticien', '2021-09-15', '30.00'),
(1906, 'e49', '202110', 'Achat de matériel de papeterie', '2021-10-26', '20.00'),
(1907, 'e49', '202110', 'Voyage SNCF', '2021-10-02', '45.00'),
(1908, 'e49', '202110', 'Achat d\'espace publicitaire', '2021-10-23', '121.00'),
(1909, 'e49', '202111', 'Taxi', '2021-11-16', '27.00'),
(1910, 'e49', '202111', 'Taxi', '2021-11-07', '54.00'),
(1911, 'e49', '202111', 'Traiteur, alimentation, boisson', '2021-11-07', '266.00'),
(1912, 'e49', '202112', 'Traiteur, alimentation, boisson', '2021-12-06', '155.00'),
(1913, 'e49', '202112', 'Frais vestimentaire/représentation', '2021-12-18', '202.00'),
(1914, 'e49', '202112', 'Frais vestimentaire/représentation', '2021-12-27', '297.00'),
(1915, 'e49', '202201', 'Achat de matériel de papeterie', '2022-01-11', '17.00'),
(1916, 'e49', '202201', 'Location équipement vidéo/sonore', '2022-01-17', '259.00'),
(1917, 'e49', '202202', 'Location équipement vidéo/sonore', '2022-02-14', '480.00'),
(1918, 'e49', '202202', 'Location véhicule', '2022-02-25', '435.00'),
(1919, 'e49', '202203', 'Location véhicule', '2022-03-17', '58.00'),
(1920, 'e49', '202203', 'Achat de matériel de papeterie', '2022-03-06', '22.00'),
(1921, 'e49', '202203', 'Achat de matériel de papeterie', '2022-03-28', '35.00'),
(1922, 'e49', '202203', 'Location véhicule', '2022-03-22', '369.00'),
(1923, 'e49', '202203', 'Repas avec praticien', '2022-03-04', '38.00'),
(1924, 'e49', '202204', 'Repas avec praticien', '2022-04-04', '35.00'),
(1925, 'e49', '202204', 'Taxi', '2022-04-07', '76.00'),
(1926, 'e49', '202204', 'Repas avec praticien', '2022-04-02', '49.00'),
(1927, 'e49', '202204', 'Rémunération intervenant/spécialiste', '2022-04-08', '508.00'),
(1928, 'e49', '202205', 'Voyage SNCF', '2022-05-20', '109.00'),
(1929, 'e49', '202205', 'Location équipement vidéo/sonore', '2022-05-13', '639.00'),
(1930, 'e49', '202205', 'Frais vestimentaire/représentation', '2022-05-01', '79.00'),
(1931, 'e49', '202205', 'Taxi', '2022-05-28', '36.00'),
(1932, 'e49', '202206', 'Location équipement vidéo/sonore', '2022-06-05', '643.00'),
(1933, 'e49', '202206', 'Location véhicule', '2022-06-03', '215.00'),
(1934, 'e49', '202206', 'Achat de matériel de papeterie', '2022-06-20', '49.00'),
(1935, 'e49', '202207', 'Traiteur, alimentation, boisson', '2022-07-06', '399.00'),
(1936, 'e49', '202207', 'Rémunération intervenant/spécialiste', '2022-07-26', '479.00'),
(1937, 'e49', '202207', 'Repas avec praticien', '2022-07-08', '46.00'),
(1938, 'e49', '202207', 'Achat de matériel de papeterie', '2022-07-21', '15.00'),
(1939, 'e49', '202207', 'Frais vestimentaire/représentation', '2022-07-21', '318.00'),
(1940, 'e49', '202207', 'Location salle conférence', '2022-07-01', '331.00'),
(1941, 'e49', '202208', 'Achat d\'espace publicitaire', '2022-08-19', '129.00'),
(1942, 'e49', '202208', 'Location équipement vidéo/sonore', '2022-08-03', '795.00'),
(1943, 'e49', '202208', 'Location véhicule', '2022-08-17', '117.00'),
(1944, 'e49', '202209', 'Location équipement vidéo/sonore', '2022-09-23', '624.00'),
(1945, 'e49', '202209', 'Location équipement vidéo/sonore', '2022-09-02', '215.00'),
(1946, 'e49', '202209', 'Traiteur, alimentation, boisson', '2022-09-27', '406.00'),
(1947, 'e49', '202209', 'Voyage SNCF', '2022-09-17', '38.00'),
(1948, 'e5', '202009', 'Traiteur, alimentation, boisson', '2020-09-26', '344.00'),
(1949, 'e5', '202009', 'Voyage SNCF', '2020-09-07', '59.00'),
(1950, 'e5', '202009', 'Frais vestimentaire/représentation', '2020-09-26', '229.00'),
(1951, 'e5', '202009', 'Location équipement vidéo/sonore', '2020-09-18', '518.00'),
(1952, 'e5', '202010', 'Taxi', '2020-10-23', '77.00'),
(1953, 'e5', '202010', 'Location équipement vidéo/sonore', '2020-10-27', '747.00'),
(1954, 'e5', '202010', 'Achat de matériel de papeterie', '2020-10-07', '33.00'),
(1955, 'e5', '202011', 'Voyage SNCF', '2020-11-26', '32.00'),
(1956, 'e5', '202011', 'Frais vestimentaire/représentation', '2020-11-23', '291.00'),
(1957, 'e5', '202011', 'Achat de matériel de papeterie', '2020-11-12', '27.00'),
(1958, 'e5', '202011', 'Location véhicule', '2020-11-06', '106.00'),
(1959, 'e5', '202011', 'Location véhicule', '2020-11-01', '237.00'),
(1960, 'e5', '202011', 'Repas avec praticien', '2020-11-05', '38.00'),
(1961, 'e5', '202012', 'Achat de matériel de papeterie', '2020-12-20', '18.00'),
(1962, 'e5', '202012', 'Frais vestimentaire/représentation', '2020-12-06', '178.00'),
(1963, 'e5', '202012', 'Rémunération intervenant/spécialiste', '2020-12-27', '437.00'),
(1964, 'e5', '202012', 'Location équipement vidéo/sonore', '2020-12-17', '453.00'),
(1965, 'e5', '202012', 'Repas avec praticien', '2020-12-15', '44.00'),
(1966, 'e5', '202101', 'Location salle conférence', '2021-01-15', '416.00'),
(1967, 'e5', '202101', 'Rémunération intervenant/spécialiste', '2021-01-12', '1127.00'),
(1968, 'e5', '202102', 'Voyage SNCF', '2021-02-21', '84.00'),
(1969, 'e5', '202103', 'Location véhicule', '2021-03-12', '225.00'),
(1970, 'e5', '202103', 'Location équipement vidéo/sonore', '2021-03-19', '106.00'),
(1971, 'e5', '202104', 'Location équipement vidéo/sonore', '2021-04-26', '784.00'),
(1972, 'e5', '202105', 'Location salle conférence', '2021-05-19', '504.00'),
(1973, 'e5', '202105', 'Repas avec praticien', '2021-05-21', '31.00'),
(1974, 'e5', '202105', 'Location véhicule', '2021-05-11', '178.00'),
(1975, 'e5', '202105', 'Location salle conférence', '2021-05-13', '527.00'),
(1976, 'e5', '202105', 'Frais vestimentaire/représentation', '2021-05-20', '138.00'),
(1977, 'e5', '202105', 'Voyage SNCF', '2021-05-05', '110.00'),
(1978, 'e5', '202106', 'Frais vestimentaire/représentation', '2021-06-19', '270.00'),
(1979, 'e5', '202106', 'Achat d\'espace publicitaire', '2021-06-08', '148.00'),
(1980, 'e5', '202106', 'Repas avec praticien', '2021-06-28', '41.00'),
(1981, 'e5', '202106', 'Achat de matériel de papeterie', '2021-06-05', '15.00'),
(1982, 'e5', '202106', 'Repas avec praticien', '2021-06-25', '38.00'),
(1983, 'e5', '202107', 'Achat de matériel de papeterie', '2021-07-10', '46.00'),
(1984, 'e5', '202107', 'Traiteur, alimentation, boisson', '2021-07-08', '373.00'),
(1985, 'e5', '202107', 'Achat d\'espace publicitaire', '2021-07-22', '32.00'),
(1986, 'e5', '202108', 'Rémunération intervenant/spécialiste', '2021-08-25', '1110.00'),
(1987, 'e5', '202108', 'Voyage SNCF', '2021-08-18', '126.00'),
(1988, 'e5', '202108', 'Rémunération intervenant/spécialiste', '2021-08-20', '1109.00'),
(1989, 'e5', '202108', 'Location équipement vidéo/sonore', '2021-08-11', '171.00'),
(1990, 'e5', '202108', 'Achat d\'espace publicitaire', '2021-08-16', '40.00'),
(1991, 'e5', '202108', 'Location équipement vidéo/sonore', '2021-08-24', '219.00'),
(1992, 'e5', '202109', 'Taxi', '2021-09-28', '79.00'),
(1993, 'e5', '202109', 'Location véhicule', '2021-09-07', '359.00'),
(1994, 'e5', '202109', 'Location véhicule', '2021-09-07', '127.00'),
(1995, 'e5', '202110', 'Taxi', '2021-10-08', '39.00'),
(1996, 'e5', '202110', 'Location équipement vidéo/sonore', '2021-10-04', '126.00'),
(1997, 'e5', '202110', 'Location salle conférence', '2021-10-05', '273.00'),
(1998, 'e5', '202110', 'Rémunération intervenant/spécialiste', '2021-10-26', '897.00'),
(1999, 'e5', '202110', 'Location salle conférence', '2021-10-03', '448.00'),
(2000, 'e5', '202110', 'Traiteur, alimentation, boisson', '2021-10-26', '230.00'),
(2001, 'e5', '202111', 'Traiteur, alimentation, boisson', '2021-11-16', '269.00'),
(2002, 'e5', '202111', 'Rémunération intervenant/spécialiste', '2021-11-14', '525.00'),
(2003, 'e5', '202111', 'Location salle conférence', '2021-11-12', '527.00'),
(2004, 'e5', '202111', 'Repas avec praticien', '2021-11-02', '39.00'),
(2005, 'e5', '202111', 'Achat d\'espace publicitaire', '2021-11-28', '88.00'),
(2006, 'e5', '202111', 'Repas avec praticien', '2021-11-15', '43.00'),
(2007, 'e5', '202112', 'Repas avec praticien', '2021-12-13', '50.00'),
(2008, 'e5', '202112', 'Traiteur, alimentation, boisson', '2021-12-17', '278.00'),
(2009, 'e5', '202201', 'Traiteur, alimentation, boisson', '2022-01-03', '146.00'),
(2010, 'e5', '202201', 'Traiteur, alimentation, boisson', '2022-01-21', '163.00'),
(2011, 'e5', '202201', 'Location véhicule', '2022-01-20', '284.00'),
(2012, 'e5', '202201', 'Frais vestimentaire/représentation', '2022-01-07', '222.00'),
(2013, 'e5', '202202', 'Taxi', '2022-02-03', '67.00'),
(2014, 'e5', '202202', 'Location équipement vidéo/sonore', '2022-02-04', '494.00'),
(2015, 'e5', '202202', 'Achat de matériel de papeterie', '2022-02-14', '46.00'),
(2016, 'e5', '202202', 'Location véhicule', '2022-02-10', '175.00'),
(2017, 'e5', '202202', 'Taxi', '2022-02-03', '38.00'),
(2018, 'e5', '202203', 'Achat d\'espace publicitaire', '2022-03-24', '128.00'),
(2019, 'e5', '202203', 'Rémunération intervenant/spécialiste', '2022-03-12', '421.00'),
(2020, 'e5', '202203', 'Achat de matériel de papeterie', '2022-03-18', '18.00');
INSERT INTO `lignefraishorsforfait` (`id`, `idvisiteur`, `mois`, `libelle`, `date`, `montant`) VALUES
(2021, 'e5', '202203', 'Achat d\'espace publicitaire', '2022-03-28', '25.00'),
(2022, 'e5', '202204', 'Traiteur, alimentation, boisson', '2022-04-04', '208.00'),
(2023, 'e5', '202204', 'Voyage SNCF', '2022-04-28', '104.00'),
(2024, 'e5', '202204', 'Achat d\'espace publicitaire', '2022-04-24', '75.00'),
(2025, 'e5', '202204', 'Location salle conférence', '2022-04-04', '219.00'),
(2026, 'e5', '202204', 'Location véhicule', '2022-04-11', '446.00'),
(2027, 'e5', '202204', 'Achat d\'espace publicitaire', '2022-04-25', '47.00'),
(2028, 'e5', '202205', 'Traiteur, alimentation, boisson', '2022-05-01', '434.00'),
(2029, 'e5', '202205', 'Taxi', '2022-05-21', '51.00'),
(2030, 'e5', '202206', 'Rémunération intervenant/spécialiste', '2022-06-02', '1129.00'),
(2031, 'e5', '202207', 'Voyage SNCF', '2022-07-19', '126.00'),
(2032, 'e5', '202207', 'Taxi', '2022-07-20', '33.00'),
(2033, 'e5', '202207', 'Voyage SNCF', '2022-07-17', '138.00'),
(2034, 'e5', '202207', 'Location équipement vidéo/sonore', '2022-07-05', '110.00'),
(2035, 'e5', '202207', 'Frais vestimentaire/représentation', '2022-07-27', '416.00'),
(2036, 'e5', '202207', 'Traiteur, alimentation, boisson', '2022-07-11', '288.00'),
(2037, 'e5', '202208', 'Location équipement vidéo/sonore', '2022-08-25', '703.00'),
(2038, 'e5', '202208', 'Location salle conférence', '2022-08-17', '402.00'),
(2039, 'e5', '202208', 'Achat d\'espace publicitaire', '2022-08-26', '100.00'),
(2040, 'e5', '202208', 'Frais vestimentaire/représentation', '2022-08-20', '240.00'),
(2041, 'e5', '202208', 'Location équipement vidéo/sonore', '2022-08-28', '568.00'),
(2042, 'e5', '202208', 'Location véhicule', '2022-08-03', '240.00'),
(2043, 'e5', '202209', 'Location véhicule', '2022-09-12', '29.00'),
(2044, 'e52', '202009', 'Repas avec praticien', '2020-09-16', '36.00'),
(2045, 'e52', '202009', 'Location salle conférence', '2020-09-14', '194.00'),
(2046, 'e52', '202009', 'Achat d\'espace publicitaire', '2020-09-03', '76.00'),
(2047, 'e52', '202009', 'Location équipement vidéo/sonore', '2020-09-02', '766.00'),
(2048, 'e52', '202009', 'Frais vestimentaire/représentation', '2020-09-21', '361.00'),
(2049, 'e52', '202009', 'Location équipement vidéo/sonore', '2020-09-12', '574.00'),
(2050, 'e52', '202010', 'Rémunération intervenant/spécialiste', '2020-10-14', '785.00'),
(2051, 'e52', '202010', 'Location véhicule', '2020-10-24', '408.00'),
(2052, 'e52', '202010', 'Rémunération intervenant/spécialiste', '2020-10-27', '990.00'),
(2053, 'e52', '202010', 'Voyage SNCF', '2020-10-24', '67.00'),
(2054, 'e52', '202010', 'Location salle conférence', '2020-10-26', '145.00'),
(2055, 'e52', '202010', 'Location salle conférence', '2020-10-27', '258.00'),
(2056, 'e52', '202011', 'Voyage SNCF', '2020-11-03', '131.00'),
(2057, 'e52', '202011', 'Rémunération intervenant/spécialiste', '2020-11-07', '1051.00'),
(2058, 'e52', '202011', 'Traiteur, alimentation, boisson', '2020-11-21', '204.00'),
(2059, 'e52', '202011', 'Achat d\'espace publicitaire', '2020-11-03', '28.00'),
(2060, 'e52', '202011', 'Achat de matériel de papeterie', '2020-11-17', '17.00'),
(2061, 'e52', '202011', 'Achat d\'espace publicitaire', '2020-11-02', '135.00'),
(2062, 'e52', '202012', 'Taxi', '2020-12-16', '36.00'),
(2063, 'e52', '202012', 'Location salle conférence', '2020-12-12', '324.00'),
(2064, 'e52', '202012', 'Taxi', '2020-12-06', '25.00'),
(2065, 'e52', '202101', 'Location véhicule', '2021-01-19', '332.00'),
(2066, 'e52', '202101', 'Location équipement vidéo/sonore', '2021-01-07', '303.00'),
(2067, 'e52', '202102', 'Voyage SNCF', '2021-02-25', '90.00'),
(2068, 'e52', '202102', 'Taxi', '2021-02-01', '51.00'),
(2069, 'e52', '202102', 'Location salle conférence', '2021-02-05', '241.00'),
(2070, 'e52', '202103', 'Frais vestimentaire/représentation', '2021-03-14', '378.00'),
(2071, 'e52', '202103', 'Location équipement vidéo/sonore', '2021-03-16', '512.00'),
(2072, 'e52', '202103', 'Rémunération intervenant/spécialiste', '2021-03-16', '686.00'),
(2073, 'e52', '202103', 'Achat de matériel de papeterie', '2021-03-24', '28.00'),
(2074, 'e52', '202103', 'Repas avec praticien', '2021-03-05', '47.00'),
(2075, 'e52', '202104', 'Repas avec praticien', '2021-04-10', '39.00'),
(2076, 'e52', '202104', 'Location véhicule', '2021-04-09', '351.00'),
(2077, 'e52', '202105', 'Traiteur, alimentation, boisson', '2021-05-07', '334.00'),
(2078, 'e52', '202105', 'Traiteur, alimentation, boisson', '2021-05-09', '105.00'),
(2079, 'e52', '202105', 'Traiteur, alimentation, boisson', '2021-05-25', '260.00'),
(2080, 'e52', '202105', 'Location équipement vidéo/sonore', '2021-05-10', '526.00'),
(2081, 'e52', '202105', 'Achat de matériel de papeterie', '2021-05-18', '29.00'),
(2082, 'e52', '202106', 'Traiteur, alimentation, boisson', '2021-06-05', '238.00'),
(2083, 'e52', '202106', 'Repas avec praticien', '2021-06-21', '31.00'),
(2084, 'e52', '202107', 'Taxi', '2021-07-10', '27.00'),
(2085, 'e52', '202107', 'Taxi', '2021-07-24', '40.00'),
(2086, 'e52', '202108', 'Rémunération intervenant/spécialiste', '2021-08-21', '1005.00'),
(2087, 'e52', '202108', 'Location salle conférence', '2021-08-17', '169.00'),
(2088, 'e52', '202109', 'Achat d\'espace publicitaire', '2021-09-24', '74.00'),
(2089, 'e52', '202109', 'Repas avec praticien', '2021-09-13', '32.00'),
(2090, 'e52', '202110', 'Frais vestimentaire/représentation', '2021-10-09', '134.00'),
(2091, 'e52', '202110', 'Taxi', '2021-10-19', '45.00'),
(2092, 'e52', '202110', 'Location véhicule', '2021-10-24', '95.00'),
(2093, 'e52', '202110', 'Rémunération intervenant/spécialiste', '2021-10-10', '410.00'),
(2094, 'e52', '202110', 'Voyage SNCF', '2021-10-02', '131.00'),
(2095, 'e52', '202111', 'Location salle conférence', '2021-11-27', '164.00'),
(2096, 'e52', '202111', 'Rémunération intervenant/spécialiste', '2021-11-11', '866.00'),
(2097, 'e52', '202111', 'Location équipement vidéo/sonore', '2021-11-12', '142.00'),
(2098, 'e52', '202112', 'Achat de matériel de papeterie', '2021-12-05', '27.00'),
(2099, 'e52', '202112', 'Achat de matériel de papeterie', '2021-12-22', '48.00'),
(2100, 'e52', '202201', 'Achat d\'espace publicitaire', '2022-01-06', '29.00'),
(2101, 'e52', '202201', 'Traiteur, alimentation, boisson', '2022-01-06', '419.00'),
(2102, 'e52', '202202', 'Achat de matériel de papeterie', '2022-02-27', '41.00'),
(2103, 'e52', '202202', 'Taxi', '2022-02-22', '48.00'),
(2104, 'e52', '202203', 'Rémunération intervenant/spécialiste', '2022-03-21', '681.00'),
(2105, 'e52', '202204', 'Repas avec praticien', '2022-04-07', '33.00'),
(2106, 'e52', '202204', 'Location salle conférence', '2022-04-12', '430.00'),
(2107, 'e52', '202205', 'Achat d\'espace publicitaire', '2022-05-19', '136.00'),
(2108, 'e52', '202205', 'Achat de matériel de papeterie', '2022-05-18', '32.00'),
(2109, 'e52', '202206', 'Location équipement vidéo/sonore', '2022-06-05', '847.00'),
(2110, 'e52', '202206', 'Repas avec praticien', '2022-06-14', '35.00'),
(2111, 'e52', '202206', 'Achat de matériel de papeterie', '2022-06-09', '50.00'),
(2112, 'e52', '202206', 'Voyage SNCF', '2022-06-12', '67.00'),
(2113, 'e52', '202206', 'Location véhicule', '2022-06-03', '83.00'),
(2114, 'e52', '202207', 'Taxi', '2022-07-15', '22.00'),
(2115, 'e52', '202207', 'Location véhicule', '2022-07-11', '377.00'),
(2116, 'e52', '202207', 'Repas avec praticien', '2022-07-14', '38.00'),
(2117, 'e52', '202207', 'Rémunération intervenant/spécialiste', '2022-07-22', '299.00'),
(2118, 'e52', '202208', 'Location salle conférence', '2022-08-01', '215.00'),
(2119, 'e52', '202208', 'Location salle conférence', '2022-08-24', '526.00'),
(2120, 'e52', '202209', 'Location salle conférence', '2022-09-21', '541.00'),
(2121, 'e52', '202209', 'Frais vestimentaire/représentation', '2022-09-05', '308.00'),
(2122, 'e52', '202209', 'Rémunération intervenant/spécialiste', '2022-09-19', '837.00'),
(2123, 'e52', '202209', 'Rémunération intervenant/spécialiste', '2022-09-05', '630.00'),
(2124, 'e52', '202209', 'Location véhicule', '2022-09-23', '278.00'),
(2125, 'f21', '202009', 'Taxi', '2020-09-15', '78.00'),
(2126, 'f21', '202010', 'Location véhicule', '2020-10-23', '79.00'),
(2127, 'f21', '202010', 'Taxi', '2020-10-16', '36.00'),
(2128, 'f21', '202010', 'Achat de matériel de papeterie', '2020-10-20', '30.00'),
(2129, 'f21', '202011', 'Achat de matériel de papeterie', '2020-11-25', '35.00'),
(2130, 'f21', '202011', 'Voyage SNCF', '2020-11-16', '148.00'),
(2131, 'f21', '202011', 'Achat d\'espace publicitaire', '2020-11-07', '59.00'),
(2132, 'f21', '202012', 'Taxi', '2020-12-20', '69.00'),
(2133, 'f21', '202012', 'Frais vestimentaire/représentation', '2020-12-24', '195.00'),
(2134, 'f21', '202101', 'Voyage SNCF', '2021-01-10', '150.00'),
(2135, 'f21', '202101', 'Location salle conférence', '2021-01-09', '389.00'),
(2136, 'f21', '202101', 'Repas avec praticien', '2021-01-18', '30.00'),
(2137, 'f21', '202102', 'Voyage SNCF', '2021-02-04', '145.00'),
(2138, 'f21', '202102', 'Traiteur, alimentation, boisson', '2021-02-27', '220.00'),
(2139, 'f21', '202102', 'Location salle conférence', '2021-02-04', '265.00'),
(2140, 'f21', '202103', 'Traiteur, alimentation, boisson', '2021-03-22', '436.00'),
(2141, 'f21', '202103', 'Taxi', '2021-03-28', '59.00'),
(2142, 'f21', '202103', 'Rémunération intervenant/spécialiste', '2021-03-21', '450.00'),
(2143, 'f21', '202103', 'Location véhicule', '2021-03-05', '282.00'),
(2144, 'f21', '202103', 'Location salle conférence', '2021-03-14', '447.00'),
(2145, 'f21', '202104', 'Frais vestimentaire/représentation', '2021-04-12', '422.00'),
(2146, 'f21', '202104', 'Taxi', '2021-04-03', '42.00'),
(2147, 'f21', '202104', 'Achat d\'espace publicitaire', '2021-04-27', '41.00'),
(2148, 'f21', '202104', 'Traiteur, alimentation, boisson', '2021-04-24', '408.00'),
(2149, 'f21', '202104', 'Repas avec praticien', '2021-04-12', '30.00'),
(2150, 'f21', '202105', 'Location véhicule', '2021-05-22', '171.00'),
(2151, 'f21', '202105', 'Repas avec praticien', '2021-05-18', '33.00'),
(2152, 'f21', '202105', 'Location équipement vidéo/sonore', '2021-05-02', '148.00'),
(2153, 'f21', '202106', 'Location salle conférence', '2021-06-19', '402.00'),
(2154, 'f21', '202107', 'Voyage SNCF', '2021-07-19', '115.00'),
(2155, 'f21', '202107', 'Location salle conférence', '2021-07-21', '387.00'),
(2156, 'f21', '202107', 'Location équipement vidéo/sonore', '2021-07-11', '777.00'),
(2157, 'f21', '202107', 'Location salle conférence', '2021-07-08', '227.00'),
(2158, 'f21', '202108', 'Rémunération intervenant/spécialiste', '2021-08-07', '608.00'),
(2159, 'f21', '202108', 'Traiteur, alimentation, boisson', '2021-08-24', '334.00'),
(2160, 'f21', '202108', 'Location équipement vidéo/sonore', '2021-08-22', '714.00'),
(2161, 'f21', '202109', 'Achat d\'espace publicitaire', '2021-09-11', '32.00'),
(2162, 'f21', '202110', 'Location salle conférence', '2021-10-09', '252.00'),
(2163, 'f21', '202110', 'Achat de matériel de papeterie', '2021-10-12', '49.00'),
(2164, 'f21', '202110', 'Location équipement vidéo/sonore', '2021-10-23', '493.00'),
(2165, 'f21', '202110', 'Achat d\'espace publicitaire', '2021-10-19', '27.00'),
(2166, 'f21', '202110', 'Frais vestimentaire/représentation', '2021-10-12', '164.00'),
(2167, 'f21', '202111', 'Achat d\'espace publicitaire', '2021-11-08', '78.00'),
(2168, 'f21', '202111', 'Achat de matériel de papeterie', '2021-11-02', '10.00'),
(2169, 'f21', '202111', 'Traiteur, alimentation, boisson', '2021-11-23', '62.00'),
(2170, 'f21', '202111', 'Location véhicule', '2021-11-01', '391.00'),
(2171, 'f21', '202111', 'Location équipement vidéo/sonore', '2021-11-10', '577.00'),
(2172, 'f21', '202111', 'Location véhicule', '2021-11-25', '144.00'),
(2173, 'f21', '202112', 'Location équipement vidéo/sonore', '2021-12-02', '453.00'),
(2174, 'f21', '202112', 'Rémunération intervenant/spécialiste', '2021-12-15', '876.00'),
(2175, 'f21', '202112', 'Location salle conférence', '2021-12-16', '509.00'),
(2176, 'f21', '202112', 'Frais vestimentaire/représentation', '2021-12-24', '37.00'),
(2177, 'f21', '202112', 'Location équipement vidéo/sonore', '2021-12-21', '432.00'),
(2178, 'f21', '202112', 'Location véhicule', '2021-12-16', '220.00'),
(2179, 'f21', '202201', 'Achat de matériel de papeterie', '2022-01-06', '33.00'),
(2180, 'f21', '202202', 'Achat de matériel de papeterie', '2022-02-24', '50.00'),
(2181, 'f21', '202202', 'Location véhicule', '2022-02-26', '346.00'),
(2182, 'f21', '202202', 'Location équipement vidéo/sonore', '2022-02-17', '389.00'),
(2183, 'f21', '202202', 'Achat de matériel de papeterie', '2022-02-10', '11.00'),
(2184, 'f21', '202202', 'Rémunération intervenant/spécialiste', '2022-02-17', '479.00'),
(2185, 'f21', '202202', 'Taxi', '2022-02-04', '33.00'),
(2186, 'f21', '202203', 'Location équipement vidéo/sonore', '2022-03-09', '760.00'),
(2187, 'f21', '202204', 'Voyage SNCF', '2022-04-26', '60.00'),
(2188, 'f21', '202204', 'Location équipement vidéo/sonore', '2022-04-22', '268.00'),
(2189, 'f21', '202204', 'Achat de matériel de papeterie', '2022-04-16', '41.00'),
(2190, 'f21', '202204', 'Achat de matériel de papeterie', '2022-04-04', '45.00'),
(2191, 'f21', '202205', 'Location équipement vidéo/sonore', '2022-05-08', '590.00'),
(2192, 'f21', '202206', 'Rémunération intervenant/spécialiste', '2022-06-08', '385.00'),
(2193, 'f21', '202206', 'Achat de matériel de papeterie', '2022-06-08', '50.00'),
(2194, 'f21', '202206', 'Frais vestimentaire/représentation', '2022-06-23', '305.00'),
(2195, 'f21', '202206', 'Voyage SNCF', '2022-06-10', '59.00'),
(2196, 'f21', '202206', 'Achat de matériel de papeterie', '2022-06-23', '10.00'),
(2197, 'f21', '202206', 'Voyage SNCF', '2022-06-16', '150.00'),
(2198, 'f21', '202207', 'Frais vestimentaire/représentation', '2022-07-06', '120.00'),
(2199, 'f21', '202207', 'Location véhicule', '2022-07-03', '332.00'),
(2200, 'f21', '202207', 'Traiteur, alimentation, boisson', '2022-07-01', '142.00'),
(2201, 'f21', '202207', 'Location véhicule', '2022-07-17', '285.00'),
(2202, 'f21', '202207', 'Taxi', '2022-07-04', '25.00'),
(2203, 'f21', '202207', 'Frais vestimentaire/représentation', '2022-07-02', '195.00'),
(2204, 'f21', '202208', 'Achat d\'espace publicitaire', '2022-08-22', '54.00'),
(2205, 'f21', '202208', 'Rémunération intervenant/spécialiste', '2022-08-04', '597.00'),
(2206, 'f21', '202208', 'Achat de matériel de papeterie', '2022-08-04', '23.00'),
(2207, 'f21', '202208', 'Achat de matériel de papeterie', '2022-08-10', '33.00'),
(2208, 'f21', '202208', 'Frais vestimentaire/représentation', '2022-08-19', '294.00'),
(2209, 'f21', '202208', 'Repas avec praticien', '2022-08-16', '36.00'),
(2210, 'f21', '202209', 'Achat d\'espace publicitaire', '2022-09-07', '108.00'),
(2211, 'f39', '202009', 'Location véhicule', '2020-09-17', '302.00'),
(2212, 'f39', '202009', 'Achat de matériel de papeterie', '2020-09-03', '47.00'),
(2213, 'f39', '202009', 'Achat de matériel de papeterie', '2020-09-01', '23.00'),
(2214, 'f39', '202009', 'Voyage SNCF', '2020-09-14', '57.00'),
(2215, 'f39', '202010', 'Traiteur, alimentation, boisson', '2020-10-20', '256.00'),
(2216, 'f39', '202010', 'Achat d\'espace publicitaire', '2020-10-03', '110.00'),
(2217, 'f39', '202010', 'Location salle conférence', '2020-10-17', '184.00'),
(2218, 'f39', '202010', 'Repas avec praticien', '2020-10-28', '43.00'),
(2219, 'f39', '202011', 'Rémunération intervenant/spécialiste', '2020-11-15', '945.00'),
(2220, 'f39', '202011', 'Taxi', '2020-11-21', '35.00'),
(2221, 'f39', '202011', 'Location salle conférence', '2020-11-19', '324.00'),
(2222, 'f39', '202011', 'Taxi', '2020-11-11', '28.00'),
(2223, 'f39', '202011', 'Traiteur, alimentation, boisson', '2020-11-18', '103.00'),
(2224, 'f39', '202012', 'Location équipement vidéo/sonore', '2020-12-05', '304.00'),
(2225, 'f39', '202012', 'Rémunération intervenant/spécialiste', '2020-12-02', '1159.00'),
(2226, 'f39', '202012', 'Voyage SNCF', '2020-12-20', '81.00'),
(2227, 'f39', '202012', 'Location équipement vidéo/sonore', '2020-12-02', '609.00'),
(2228, 'f39', '202012', 'Taxi', '2020-12-17', '45.00'),
(2229, 'f39', '202012', 'Frais vestimentaire/représentation', '2020-12-19', '341.00'),
(2230, 'f39', '202101', 'Taxi', '2021-01-03', '52.00'),
(2231, 'f39', '202101', 'Traiteur, alimentation, boisson', '2021-01-05', '404.00'),
(2232, 'f39', '202101', 'Traiteur, alimentation, boisson', '2021-01-27', '64.00'),
(2233, 'f39', '202101', 'Traiteur, alimentation, boisson', '2021-01-04', '319.00'),
(2234, 'f39', '202101', 'Rémunération intervenant/spécialiste', '2021-01-07', '741.00'),
(2235, 'f39', '202101', 'Location équipement vidéo/sonore', '2021-01-25', '454.00'),
(2236, 'f39', '202102', 'Achat d\'espace publicitaire', '2021-02-04', '20.00'),
(2237, 'f39', '202102', 'Achat de matériel de papeterie', '2021-02-02', '29.00'),
(2238, 'f39', '202103', 'Achat d\'espace publicitaire', '2021-03-20', '129.00'),
(2239, 'f39', '202103', 'Location véhicule', '2021-03-23', '91.00'),
(2240, 'f39', '202103', 'Location véhicule', '2021-03-22', '168.00'),
(2241, 'f39', '202103', 'Voyage SNCF', '2021-03-21', '124.00'),
(2242, 'f39', '202103', 'Repas avec praticien', '2021-03-19', '47.00'),
(2243, 'f39', '202104', 'Frais vestimentaire/représentation', '2021-04-09', '171.00'),
(2244, 'f39', '202104', 'Voyage SNCF', '2021-04-15', '35.00'),
(2245, 'f39', '202105', 'Voyage SNCF', '2021-05-12', '104.00'),
(2246, 'f39', '202105', 'Rémunération intervenant/spécialiste', '2021-05-27', '960.00'),
(2247, 'f39', '202105', 'Achat de matériel de papeterie', '2021-05-17', '26.00'),
(2248, 'f39', '202106', 'Achat d\'espace publicitaire', '2021-06-20', '62.00'),
(2249, 'f39', '202106', 'Rémunération intervenant/spécialiste', '2021-06-11', '500.00'),
(2250, 'f39', '202106', 'Frais vestimentaire/représentation', '2021-06-10', '426.00'),
(2251, 'f39', '202107', 'Taxi', '2021-07-14', '61.00'),
(2252, 'f39', '202107', 'Location salle conférence', '2021-07-14', '525.00'),
(2253, 'f39', '202108', 'Traiteur, alimentation, boisson', '2021-08-13', '317.00'),
(2254, 'f39', '202108', 'Traiteur, alimentation, boisson', '2021-08-10', '149.00'),
(2255, 'f39', '202108', 'Rémunération intervenant/spécialiste', '2021-08-19', '1100.00'),
(2256, 'f39', '202108', 'Rémunération intervenant/spécialiste', '2021-08-07', '919.00'),
(2257, 'f39', '202108', 'Location salle conférence', '2021-08-11', '429.00'),
(2258, 'f39', '202108', 'Frais vestimentaire/représentation', '2021-08-07', '230.00'),
(2259, 'f39', '202109', 'Achat de matériel de papeterie', '2021-09-22', '11.00'),
(2260, 'f39', '202109', 'Repas avec praticien', '2021-09-09', '32.00'),
(2261, 'f39', '202110', 'Taxi', '2021-10-18', '31.00'),
(2262, 'f39', '202111', 'Achat d\'espace publicitaire', '2021-11-27', '87.00'),
(2263, 'f39', '202111', 'Repas avec praticien', '2021-11-07', '41.00'),
(2264, 'f39', '202111', 'Taxi', '2021-11-08', '65.00'),
(2265, 'f39', '202112', 'Achat d\'espace publicitaire', '2021-12-19', '150.00'),
(2266, 'f39', '202112', 'Rémunération intervenant/spécialiste', '2021-12-18', '1154.00'),
(2267, 'f39', '202112', 'Rémunération intervenant/spécialiste', '2021-12-25', '334.00'),
(2268, 'f39', '202201', 'Frais vestimentaire/représentation', '2022-01-24', '227.00'),
(2269, 'f39', '202201', 'Achat de matériel de papeterie', '2022-01-05', '43.00'),
(2270, 'f39', '202201', 'Achat de matériel de papeterie', '2022-01-17', '35.00'),
(2271, 'f39', '202201', 'Location salle conférence', '2022-01-25', '564.00'),
(2272, 'f39', '202201', 'Repas avec praticien', '2022-01-05', '33.00'),
(2273, 'f39', '202201', 'Rémunération intervenant/spécialiste', '2022-01-12', '960.00'),
(2274, 'f39', '202202', 'Repas avec praticien', '2022-02-13', '48.00'),
(2275, 'f39', '202202', 'Location salle conférence', '2022-02-06', '596.00'),
(2276, 'f39', '202203', 'Repas avec praticien', '2022-03-28', '42.00'),
(2277, 'f39', '202204', 'Taxi', '2022-04-28', '20.00'),
(2278, 'f39', '202204', 'Taxi', '2022-04-03', '61.00'),
(2279, 'f39', '202204', 'Achat d\'espace publicitaire', '2022-04-15', '69.00'),
(2280, 'f39', '202205', 'Taxi', '2022-05-28', '22.00'),
(2281, 'f39', '202205', 'Traiteur, alimentation, boisson', '2022-05-20', '439.00'),
(2282, 'f39', '202205', 'Location équipement vidéo/sonore', '2022-05-01', '113.00'),
(2283, 'f39', '202205', 'Traiteur, alimentation, boisson', '2022-05-27', '349.00'),
(2284, 'f39', '202205', 'Achat de matériel de papeterie', '2022-05-11', '27.00'),
(2285, 'f39', '202205', 'Voyage SNCF', '2022-05-02', '99.00'),
(2286, 'f39', '202206', 'Repas avec praticien', '2022-06-16', '48.00'),
(2287, 'f39', '202206', 'Traiteur, alimentation, boisson', '2022-06-13', '326.00'),
(2288, 'f39', '202206', 'Achat de matériel de papeterie', '2022-06-06', '13.00'),
(2289, 'f39', '202206', 'Frais vestimentaire/représentation', '2022-06-01', '131.00'),
(2290, 'f39', '202207', 'Rémunération intervenant/spécialiste', '2022-07-21', '329.00'),
(2291, 'f39', '202207', 'Rémunération intervenant/spécialiste', '2022-07-12', '944.00'),
(2292, 'f39', '202207', 'Location véhicule', '2022-07-07', '99.00'),
(2293, 'f39', '202207', 'Taxi', '2022-07-26', '38.00'),
(2294, 'f39', '202208', 'Repas avec praticien', '2022-08-03', '49.00'),
(2295, 'f39', '202208', 'Achat d\'espace publicitaire', '2022-08-25', '83.00'),
(2296, 'f39', '202208', 'Repas avec praticien', '2022-08-06', '41.00'),
(2297, 'f39', '202208', 'Traiteur, alimentation, boisson', '2022-08-05', '57.00'),
(2298, 'f39', '202208', 'Achat de matériel de papeterie', '2022-08-20', '34.00'),
(2299, 'f39', '202209', 'Frais vestimentaire/représentation', '2022-09-25', '369.00'),
(2300, 'f4', '202009', 'Location véhicule', '2020-09-26', '208.00'),
(2301, 'f4', '202009', 'Frais vestimentaire/représentation', '2020-09-24', '430.00'),
(2302, 'f4', '202009', 'Location salle conférence', '2020-09-06', '518.00'),
(2303, 'f4', '202009', 'Frais vestimentaire/représentation', '2020-09-16', '269.00'),
(2304, 'f4', '202009', 'Achat de matériel de papeterie', '2020-09-10', '16.00'),
(2305, 'f4', '202009', 'Rémunération intervenant/spécialiste', '2020-09-08', '369.00'),
(2306, 'f4', '202010', 'Location équipement vidéo/sonore', '2020-10-15', '286.00'),
(2307, 'f4', '202010', 'Location véhicule', '2020-10-03', '74.00'),
(2308, 'f4', '202010', 'Frais vestimentaire/représentation', '2020-10-03', '195.00'),
(2309, 'f4', '202010', 'Location équipement vidéo/sonore', '2020-10-05', '540.00'),
(2310, 'f4', '202010', 'Location équipement vidéo/sonore', '2020-10-01', '180.00'),
(2311, 'f4', '202011', 'Rémunération intervenant/spécialiste', '2020-11-08', '721.00'),
(2312, 'f4', '202011', 'Traiteur, alimentation, boisson', '2020-11-16', '158.00'),
(2313, 'f4', '202011', 'Voyage SNCF', '2020-11-17', '150.00'),
(2314, 'f4', '202012', 'Voyage SNCF', '2020-12-16', '126.00'),
(2315, 'f4', '202012', 'Voyage SNCF', '2020-12-12', '141.00'),
(2316, 'f4', '202012', 'Taxi', '2020-12-26', '24.00'),
(2317, 'f4', '202012', 'Frais vestimentaire/représentation', '2020-12-24', '352.00'),
(2318, 'f4', '202012', 'Location véhicule', '2020-12-22', '387.00'),
(2319, 'f4', '202012', 'Repas avec praticien', '2020-12-14', '38.00'),
(2320, 'f4', '202101', 'Taxi', '2021-01-03', '80.00'),
(2321, 'f4', '202102', 'Traiteur, alimentation, boisson', '2021-02-06', '300.00'),
(2322, 'f4', '202102', 'Voyage SNCF', '2021-02-26', '150.00'),
(2323, 'f4', '202102', 'Voyage SNCF', '2021-02-01', '149.00'),
(2324, 'f4', '202102', 'Repas avec praticien', '2021-02-02', '33.00'),
(2325, 'f4', '202102', 'Voyage SNCF', '2021-02-27', '126.00'),
(2326, 'f4', '202102', 'Achat d\'espace publicitaire', '2021-02-17', '20.00'),
(2327, 'f4', '202103', 'Achat de matériel de papeterie', '2021-03-14', '23.00'),
(2328, 'f4', '202104', 'Achat d\'espace publicitaire', '2021-04-27', '93.00'),
(2329, 'f4', '202104', 'Repas avec praticien', '2021-04-18', '45.00'),
(2330, 'f4', '202104', 'Location équipement vidéo/sonore', '2021-04-25', '357.00'),
(2331, 'f4', '202104', 'Traiteur, alimentation, boisson', '2021-04-02', '264.00'),
(2332, 'f4', '202104', 'Achat de matériel de papeterie', '2021-04-19', '23.00'),
(2333, 'f4', '202105', 'Achat de matériel de papeterie', '2021-05-17', '10.00'),
(2334, 'f4', '202106', 'Voyage SNCF', '2021-06-09', '42.00'),
(2335, 'f4', '202106', 'Location salle conférence', '2021-06-18', '218.00'),
(2336, 'f4', '202106', 'Rémunération intervenant/spécialiste', '2021-06-14', '589.00'),
(2337, 'f4', '202106', 'Traiteur, alimentation, boisson', '2021-06-26', '254.00'),
(2338, 'f4', '202107', 'Location salle conférence', '2021-07-02', '568.00'),
(2339, 'f4', '202108', 'Location salle conférence', '2021-08-25', '233.00'),
(2340, 'f4', '202108', 'Rémunération intervenant/spécialiste', '2021-08-15', '809.00'),
(2341, 'f4', '202108', 'Voyage SNCF', '2021-08-28', '133.00'),
(2342, 'f4', '202109', 'Frais vestimentaire/représentation', '2021-09-06', '99.00'),
(2343, 'f4', '202109', 'Location équipement vidéo/sonore', '2021-09-07', '544.00'),
(2344, 'f4', '202109', 'Taxi', '2021-09-17', '21.00'),
(2345, 'f4', '202110', 'Achat d\'espace publicitaire', '2021-10-04', '28.00'),
(2346, 'f4', '202110', 'Achat de matériel de papeterie', '2021-10-06', '22.00'),
(2347, 'f4', '202110', 'Traiteur, alimentation, boisson', '2021-10-17', '162.00'),
(2348, 'f4', '202110', 'Achat d\'espace publicitaire', '2021-10-26', '105.00'),
(2349, 'f4', '202110', 'Rémunération intervenant/spécialiste', '2021-10-05', '995.00'),
(2350, 'f4', '202110', 'Voyage SNCF', '2021-10-20', '134.00'),
(2351, 'f4', '202111', 'Repas avec praticien', '2021-11-25', '32.00'),
(2352, 'f4', '202112', 'Rémunération intervenant/spécialiste', '2021-12-04', '407.00'),
(2353, 'f4', '202112', 'Taxi', '2021-12-08', '60.00'),
(2354, 'f4', '202112', 'Location salle conférence', '2021-12-16', '620.00'),
(2355, 'f4', '202112', 'Frais vestimentaire/représentation', '2021-12-24', '365.00'),
(2356, 'f4', '202112', 'Location véhicule', '2021-12-04', '56.00'),
(2357, 'f4', '202112', 'Achat de matériel de papeterie', '2021-12-19', '34.00'),
(2358, 'f4', '202201', 'Rémunération intervenant/spécialiste', '2022-01-24', '966.00'),
(2359, 'f4', '202201', 'Achat d\'espace publicitaire', '2022-01-18', '142.00'),
(2360, 'f4', '202201', 'Location véhicule', '2022-01-03', '440.00'),
(2361, 'f4', '202201', 'Rémunération intervenant/spécialiste', '2022-01-23', '1171.00'),
(2362, 'f4', '202201', 'Location salle conférence', '2022-01-19', '559.00'),
(2363, 'f4', '202202', 'Achat d\'espace publicitaire', '2022-02-27', '123.00'),
(2364, 'f4', '202202', 'Voyage SNCF', '2022-02-27', '83.00'),
(2365, 'f4', '202202', 'Location équipement vidéo/sonore', '2022-02-12', '589.00'),
(2366, 'f4', '202203', 'Traiteur, alimentation, boisson', '2022-03-11', '404.00'),
(2367, 'f4', '202203', 'Frais vestimentaire/représentation', '2022-03-08', '370.00'),
(2368, 'f4', '202204', 'Rémunération intervenant/spécialiste', '2022-04-12', '1036.00'),
(2369, 'f4', '202204', 'Achat de matériel de papeterie', '2022-04-17', '38.00'),
(2370, 'f4', '202204', 'Voyage SNCF', '2022-04-07', '139.00'),
(2371, 'f4', '202204', 'Location salle conférence', '2022-04-04', '570.00'),
(2372, 'f4', '202204', 'Location équipement vidéo/sonore', '2022-04-11', '823.00'),
(2373, 'f4', '202205', 'Taxi', '2022-05-28', '35.00'),
(2374, 'f4', '202205', 'Achat d\'espace publicitaire', '2022-05-11', '69.00'),
(2375, 'f4', '202205', 'Location véhicule', '2022-05-03', '242.00'),
(2376, 'f4', '202206', 'Traiteur, alimentation, boisson', '2022-06-28', '87.00'),
(2377, 'f4', '202206', 'Location véhicule', '2022-06-14', '277.00'),
(2378, 'f4', '202206', 'Location véhicule', '2022-06-15', '310.00'),
(2379, 'f4', '202206', 'Location salle conférence', '2022-06-18', '620.00'),
(2380, 'f4', '202207', 'Repas avec praticien', '2022-07-20', '50.00'),
(2381, 'f4', '202207', 'Rémunération intervenant/spécialiste', '2022-07-23', '821.00'),
(2382, 'f4', '202207', 'Location véhicule', '2022-07-22', '201.00'),
(2383, 'f4', '202208', 'Rémunération intervenant/spécialiste', '2022-08-04', '1155.00'),
(2384, 'f4', '202208', 'Rémunération intervenant/spécialiste', '2022-08-28', '460.00'),
(2385, 'f4', '202208', 'Achat de matériel de papeterie', '2022-08-06', '34.00'),
(2386, 'f4', '202208', 'Rémunération intervenant/spécialiste', '2022-08-17', '819.00'),
(2387, 'f4', '202209', 'Frais vestimentaire/représentation', '2022-09-16', '322.00'),
(2388, 'f4', '202209', 'Rémunération intervenant/spécialiste', '2022-09-13', '915.00'),
(2389, 'f4', '202209', 'Location salle conférence', '2022-09-07', '544.00'),
(2390, 'f4', '202209', 'Achat de matériel de papeterie', '2022-09-12', '18.00'),
(2391, 'a17', '202210', 'tgrds', '2022-10-19', '515.00');

-- --------------------------------------------------------

--
-- Structure de la table `role`
--

DROP TABLE IF EXISTS `role`;
CREATE TABLE IF NOT EXISTS `role` (
  `id` int NOT NULL AUTO_INCREMENT,
  `role` varchar(30) NOT NULL,
  PRIMARY KEY (`id`)
) ENGINE=InnoDB AUTO_INCREMENT=3 DEFAULT CHARSET=utf8mb4 COLLATE=utf8mb4_0900_ai_ci;

--
-- Déchargement des données de la table `role`
--

INSERT INTO `role` (`id`, `role`) VALUES
(1, 'visiteur'),
(2, 'comptable');

-- --------------------------------------------------------

--
-- Structure de la table `user_roles`
--

DROP TABLE IF EXISTS `user_roles`;
CREATE TABLE IF NOT EXISTS `user_roles` (
  `id_user` char(4) NOT NULL,
  `id_role` int NOT NULL,
  PRIMARY KEY (`id_user`,`id_role`),
  KEY `FK_userrole_role` (`id_role`)
) ENGINE=InnoDB DEFAULT CHARSET=utf8mb4 COLLATE=utf8mb4_0900_ai_ci;

--
-- Déchargement des données de la table `user_roles`
--

INSERT INTO `user_roles` (`id_user`, `id_role`) VALUES
('a131', 1),
('a17', 1),
('a55', 1),
('a93', 1),
('b13', 1),
('b16', 1),
('b19', 1),
('b25', 1),
('b28', 1),
('b34', 1),
('b4', 1),
('b50', 1),
('b59', 1),
('c14', 1),
('c3', 1),
('c54', 1),
('d13', 1),
('d51', 1),
('e22', 1),
('e24', 1),
('e39', 1),
('e49', 1),
('e5', 1),
('e52', 1),
('f21', 1),
('f39', 1),
('f4', 1),
('a001', 2),
('a002', 2),
('a003', 2);

-- --------------------------------------------------------

--
-- Structure de la table `utilisateur`
--

DROP TABLE IF EXISTS `utilisateur`;
CREATE TABLE IF NOT EXISTS `utilisateur` (
  `id` char(4) NOT NULL,
  `nom` char(30) DEFAULT NULL,
  `prenom` char(30) DEFAULT NULL,
  `login` char(20) DEFAULT NULL,
  `mdp` char(20) DEFAULT NULL,
  `adresse` char(30) DEFAULT NULL,
  `cp` char(5) DEFAULT NULL,
  `ville` char(30) DEFAULT NULL,
  `dateembauche` date DEFAULT NULL,
  PRIMARY KEY (`id`)
) ENGINE=InnoDB DEFAULT CHARSET=utf8mb4 COLLATE=utf8mb4_0900_ai_ci;

--
-- Déchargement des données de la table `utilisateur`
--

INSERT INTO `utilisateur` (`id`, `nom`, `prenom`, `login`, `mdp`, `adresse`, `cp`, `ville`, `dateembauche`) VALUES
('a001', 'Lourd', 'Herve', 'hlourd', '123456', 'uneadresse', '83000', 'Toulon', '2022-10-03'),
('a002', 'Gabin', 'Jean', 'jgabin', '123456', 'uneadresse', '83000', 'Toulon', '2022-10-03'),
('a003', 'Matin', 'Martin', 'mmatin', '123456', 'uneadresse', '83000', 'Toulon', '2022-10-03'),
('a131', 'Villechalane', 'Louis', 'lvillachane', 'jux7g', '8 rue des Charmes', '46000', 'Cahors', '2005-12-21'),
('a17', 'Andre', 'David', 'dandre', 'oppg5', '1 rue Petit', '46200', 'Lalbenque', '1998-11-23'),
('a55', 'Bedos', 'Christian', 'cbedos', 'gmhxd', '1 rue Peranud', '46250', 'Montcuq', '1995-01-12'),
('a93', 'Tusseau', 'Louis', 'ltusseau', 'ktp3s', '22 rue des Ternes', '46123', 'Gramat', '2000-05-01'),
('b13', 'Bentot', 'Pascal', 'pbentot', 'doyw1', '11 allée des Cerises', '46512', 'Bessines', '1992-07-09'),
('b16', 'Bioret', 'Luc', 'lbioret', 'hrjfs', '1 Avenue gambetta', '46000', 'Cahors', '1998-05-11'),
('b19', 'Bunisset', 'Francis', 'fbunisset', '4vbnd', '10 rue des Perles', '93100', 'Montreuil', '1987-10-21'),
('b25', 'Bunisset', 'Denise', 'dbunisset', 's1y1r', '23 rue Manin', '75019', 'paris', '2010-12-05'),
('b28', 'Cacheux', 'Bernard', 'bcacheux', 'uf7r3', '114 rue Blanche', '75017', 'Paris', '2009-11-12'),
('b34', 'Cadic', 'Eric', 'ecadic', '6u8dc', '123 avenue de la République', '75011', 'Paris', '2008-09-23'),
('b4', 'Charoze', 'Catherine', 'ccharoze', 'u817o', '100 rue Petit', '75019', 'Paris', '2005-11-12'),
('b50', 'Clepkens', 'Christophe', 'cclepkens', 'bw1us', '12 allée des Anges', '93230', 'Romainville', '2003-08-11'),
('b59', 'Cottin', 'Vincenne', 'vcottin', '2hoh9', '36 rue Des Roches', '93100', 'Monteuil', '2001-11-18'),
('c14', 'Daburon', 'François', 'fdaburon', '7oqpv', '13 rue de Chanzy', '94000', 'Créteil', '2002-02-11'),
('c3', 'De', 'Philippe', 'pde', 'gk9kx', '13 rue Barthes', '94000', 'Créteil', '2010-12-14'),
('c54', 'Debelle', 'Michel', 'mdebelle', 'od5rt', '181 avenue Barbusse', '93210', 'Rosny', '2006-11-23'),
('d13', 'Debelle', 'Jeanne', 'jdebelle', 'nvwqq', '134 allée des Joncs', '44000', 'Nantes', '2000-05-11'),
('d51', 'Debroise', 'Michel', 'mdebroise', 'sghkb', '2 Bld Jourdain', '44000', 'Nantes', '2001-04-17'),
('e22', 'Desmarquest', 'Nathalie', 'ndesmarquest', 'f1fob', '14 Place d Arc', '45000', 'Orléans', '2005-11-12'),
('e24', 'Desnost', 'Pierre', 'pdesnost', '4k2o5', '16 avenue des Cèdres', '23200', 'Guéret', '2001-02-05'),
('e39', 'Dudouit', 'Frédéric', 'fdudouit', '44im8', '18 rue de l église', '23120', 'GrandBourg', '2000-08-01'),
('e49', 'Duncombe', 'Claude', 'cduncombe', 'qf77j', '19 rue de la tour', '23100', 'La souteraine', '1987-10-10'),
('e5', 'Enault-Pascreau', 'Céline', 'cenault', 'y2qdu', '25 place de la gare', '23200', 'Gueret', '1995-09-01'),
('e52', 'Eynde', 'Valérie', 'veynde', 'i7sn3', '3 Grand Place', '13015', 'Marseille', '1999-11-01'),
('f21', 'Finck', 'Jacques', 'jfinck', 'mpb3t', '10 avenue du Prado', '13002', 'Marseille', '2001-11-10'),
('f39', 'Frémont', 'Fernande', 'ffremont', 'xs5tq', '4 route de la mer', '13012', 'Allauh', '1998-10-01'),
('f4', 'Gest', 'Alain', 'agest', 'dywvt', '30 avenue de la mer', '13025', 'Berre', '1985-11-01');

--
-- Contraintes pour les tables déchargées
--

--
-- Contraintes pour la table `fichefrais`
--
ALTER TABLE `fichefrais`
  ADD CONSTRAINT `fichefrais_ibfk_1` FOREIGN KEY (`idetat`) REFERENCES `etat` (`id`),
  ADD CONSTRAINT `fichefrais_ibfk_2` FOREIGN KEY (`idvisiteur`) REFERENCES `utilisateur` (`id`);

--
-- Contraintes pour la table `lignefraisforfait`
--
ALTER TABLE `lignefraisforfait`
  ADD CONSTRAINT `lignefraisforfait_ibfk_1` FOREIGN KEY (`idvisiteur`,`mois`) REFERENCES `fichefrais` (`idvisiteur`, `mois`),
  ADD CONSTRAINT `lignefraisforfait_ibfk_2` FOREIGN KEY (`idfraisforfait`) REFERENCES `fraisforfait` (`id`);

--
-- Contraintes pour la table `lignefraishorsforfait`
--
ALTER TABLE `lignefraishorsforfait`
  ADD CONSTRAINT `lignefraishorsforfait_ibfk_1` FOREIGN KEY (`idvisiteur`,`mois`) REFERENCES `fichefrais` (`idvisiteur`, `mois`);

--
-- Contraintes pour la table `user_roles`
--
ALTER TABLE `user_roles`
  ADD CONSTRAINT `FK_userrole_role` FOREIGN KEY (`id_role`) REFERENCES `role` (`id`),
  ADD CONSTRAINT `FK_userrole_utilisateur` FOREIGN KEY (`id_user`) REFERENCES `utilisateur` (`id`);
COMMIT;

/*!40101 SET CHARACTER_SET_CLIENT=@OLD_CHARACTER_SET_CLIENT */;
/*!40101 SET CHARACTER_SET_RESULTS=@OLD_CHARACTER_SET_RESULTS */;
/*!40101 SET COLLATION_CONNECTION=@OLD_COLLATION_CONNECTION */;
